geo	year	lifeExp	gdpPercap
AL	2018	NA	NA
AL	2017	78.1	NA
AL	2016	78.2	NA
AL	2015	77.4	NA
AL	2014	77.8	NA
AL	2013	77.6	NA
AL	2012	NA	NA
AL	2011	NA	NA
AL	2010	NA	NA
AL	2009	NA	NA
AL	2008	NA	NA
AL	2007	NA	NA
AL	2006	NA	NA
AL	2005	NA	NA
AL	2004	NA	NA
AL	2003	NA	NA
AL	2002	NA	NA
AL	2001	NA	NA
AL	2000	NA	NA
AL	1999	NA	NA
AL	1998	NA	NA
AL	1997	NA	NA
AL	1996	NA	NA
AL	1995	NA	NA
AL	1994	NA	NA
AL	1993	NA	NA
AL	1992	NA	NA
AL	1991	NA	NA
AL	1990	NA	NA
AL	1989	NA	NA
AL	1988	NA	NA
AL	1987	NA	NA
AL	1986	NA	NA
AL	1985	NA	NA
AL	1984	NA	NA
AL	1983	NA	NA
AL	1982	NA	NA
AL	1981	NA	NA
AL	1980	NA	NA
AL	1979	NA	NA
AL	1978	NA	NA
AL	1977	NA	NA
AL	1976	NA	NA
AL	1975	NA	NA
AL	1974	NA	NA
AL	1973	NA	NA
AL	1972	NA	NA
AL	1971	NA	NA
AL	1970	NA	NA
AL	1969	NA	NA
AL	1968	NA	NA
AL	1967	NA	NA
AL	1966	NA	NA
AL	1965	NA	NA
AL	1964	NA	NA
AL	1963	NA	NA
AL	1962	NA	NA
AL	1961	NA	NA
AL	1960	NA	NA
AM	2018	NA	NA
AM	2017	75.5	NA
AM	2016	74.7	NA
AM	2015	74.7	NA
AM	2014	NA	NA
AM	2013	NA	NA
AM	2012	NA	NA
AM	2011	NA	NA
AM	2010	NA	NA
AM	2009	73.5	NA
AM	2008	73.4	NA
AM	2007	73.5	NA
AM	2006	73	NA
AM	2005	NA	NA
AM	2004	NA	NA
AM	2003	NA	NA
AM	2002	NA	NA
AM	2001	NA	NA
AM	2000	NA	NA
AM	1999	NA	NA
AM	1998	NA	NA
AM	1997	NA	NA
AM	1996	NA	NA
AM	1995	NA	NA
AM	1994	NA	NA
AM	1993	NA	NA
AM	1992	NA	NA
AM	1991	NA	NA
AM	1990	NA	NA
AM	1989	NA	NA
AM	1988	NA	NA
AM	1987	NA	NA
AM	1986	NA	NA
AM	1985	NA	NA
AM	1984	NA	NA
AM	1983	NA	NA
AM	1982	NA	NA
AM	1981	NA	NA
AM	1980	NA	NA
AM	1979	NA	NA
AM	1978	NA	NA
AM	1977	NA	NA
AM	1976	NA	NA
AM	1975	NA	NA
AM	1974	NA	NA
AM	1973	NA	NA
AM	1972	NA	NA
AM	1971	NA	NA
AM	1970	NA	NA
AM	1969	NA	NA
AM	1968	NA	NA
AM	1967	NA	NA
AM	1966	NA	NA
AM	1965	NA	NA
AM	1964	NA	NA
AM	1963	NA	NA
AM	1962	NA	NA
AM	1961	NA	NA
AM	1960	NA	NA
AT	2018	NA	37810
AT	2017	81	37090
AT	2016	81	36430
AT	2015	80.6	36140
AT	2014	80.9	36130
AT	2013	80.5	36180
AT	2012	80.3	36390
AT	2011	80.4	36300
AT	2010	80.1	35390
AT	2009	79.8	34830
AT	2008	79.9	36280
AT	2007	79.6	35870
AT	2006	79.4	34700
AT	2005	78.9	33710
AT	2004	78.7	33200
AT	2003	78.1	32520
AT	2002	78.2	32360
AT	2001	78.2	31990
AT	2000	77.7	31710
AT	1999	77.4	NA
AT	1998	77.3	NA
AT	1997	76.9	NA
AT	1996	76.5	NA
AT	1995	76.3	NA
AT	1994	76.1	NA
AT	1993	75.8	NA
AT	1992	75.7	NA
AT	1991	75.5	NA
AT	1990	75.4	NA
AT	1989	75.2	NA
AT	1988	75.1	NA
AT	1987	74.7	NA
AT	1986	74.3	NA
AT	1985	73.9	NA
AT	1984	73.7	NA
AT	1983	73.1	NA
AT	1982	73.2	NA
AT	1981	73	NA
AT	1980	72.8	NA
AT	1979	72.7	NA
AT	1978	72.3	NA
AT	1977	72.4	NA
AT	1976	72.1	NA
AT	1975	71.8	NA
AT	1974	71.9	NA
AT	1973	71.9	NA
AT	1972	71.4	NA
AT	1971	71.2	NA
AT	1970	70.9	NA
AT	1969	NA	NA
AT	1968	NA	NA
AT	1967	NA	NA
AT	1966	NA	NA
AT	1965	NA	NA
AT	1964	NA	NA
AT	1963	NA	NA
AT	1962	NA	NA
AT	1961	NA	NA
AT	1960	NA	NA
AZ	2018	NA	NA
AZ	2017	75.4	NA
AZ	2016	NA	NA
AZ	2015	75.2	NA
AZ	2014	74.5	NA
AZ	2013	74.5	NA
AZ	2012	73.9	NA
AZ	2011	NA	NA
AZ	2010	73.4	NA
AZ	2009	73.7	NA
AZ	2008	73.5	NA
AZ	2007	72.7	NA
AZ	2006	72.5	NA
AZ	2005	NA	NA
AZ	2004	NA	NA
AZ	2003	NA	NA
AZ	2002	NA	NA
AZ	2001	NA	NA
AZ	2000	NA	NA
AZ	1999	NA	NA
AZ	1998	NA	NA
AZ	1997	NA	NA
AZ	1996	NA	NA
AZ	1995	NA	NA
AZ	1994	NA	NA
AZ	1993	NA	NA
AZ	1992	NA	NA
AZ	1991	NA	NA
AZ	1990	NA	NA
AZ	1989	NA	NA
AZ	1988	NA	NA
AZ	1987	NA	NA
AZ	1986	NA	NA
AZ	1985	NA	NA
AZ	1984	NA	NA
AZ	1983	NA	NA
AZ	1982	NA	NA
AZ	1981	NA	NA
AZ	1980	NA	NA
AZ	1979	NA	NA
AZ	1978	NA	NA
AZ	1977	NA	NA
AZ	1976	NA	NA
AZ	1975	NA	NA
AZ	1974	NA	NA
AZ	1973	NA	NA
AZ	1972	NA	NA
AZ	1971	NA	NA
AZ	1970	NA	NA
AZ	1969	NA	NA
AZ	1968	NA	NA
AZ	1967	NA	NA
AZ	1966	NA	NA
AZ	1965	NA	NA
AZ	1964	NA	NA
AZ	1963	NA	NA
AZ	1962	NA	NA
AZ	1961	NA	NA
AZ	1960	NA	NA
BE	2018	NA	35600
BE	2017	80.9	35250
BE	2016	80.8	34700
BE	2015	80.4	34360
BE	2014	80.6	33870
BE	2013	80	33490
BE	2012	79.8	33490
BE	2011	79.9	33460
BE	2010	79.6	33330
BE	2009	79.4	32700
BE	2008	79.1	33640
BE	2007	79.2	33760
BE	2006	78.8	32800
BE	2005	78.4	32200
BE	2004	78.3	31640
BE	2003	77.6	30680
BE	2002	77.5	30490
BE	2001	77.5	30110
BE	2000	77.2	29890
BE	1999	77.1	NA
BE	1998	77	NA
BE	1997	76.9	NA
BE	1996	76.7	NA
BE	1995	76.4	NA
BE	1994	76.4	NA
BE	1993	76.1	NA
BE	1992	76.1	NA
BE	1991	76	NA
BE	1990	75.8	NA
BE	1989	75.4	NA
BE	1988	75.4	NA
BE	1987	75.2	NA
BE	1986	74.6	NA
BE	1985	74.3	NA
BE	1984	74.2	NA
BE	1983	73.7	NA
BE	1982	73.8	NA
BE	1981	73.5	NA
BE	1980	73.2	NA
BE	1979	73.2	NA
BE	1978	72.7	NA
BE	1977	72.8	NA
BE	1976	72.3	NA
BE	1975	72.2	NA
BE	1974	72.3	NA
BE	1973	71.9	NA
BE	1972	71.8	NA
BE	1971	71.6	NA
BE	1970	71.5	NA
BE	1969	71.3	NA
BE	1968	71.2	NA
BE	1967	71.7	NA
BE	1966	71.5	NA
BE	1965	71.3	NA
BE	1964	71.6	NA
BE	1963	71	NA
BE	1962	71.2	NA
BE	1961	71.6	NA
BE	1960	70.9	NA
BG	2018	NA	6550
BG	2017	74.3	6310
BG	2016	74.4	6050
BG	2015	74.1	5790
BG	2014	74.1	5530
BG	2013	74.5	5400
BG	2012	74	5350
BG	2011	73.9	5300
BG	2010	73.5	5050
BG	2009	73.4	4990
BG	2008	73	5140
BG	2007	72.7	4820
BG	2006	72.5	4500
BG	2005	72.3	4190
BG	2004	72.4	3890
BG	2003	72.2	3640
BG	2002	72.1	3440
BG	2001	71.9	3230
BG	2000	71.6	3010
BG	1999	71.7	NA
BG	1998	70.9	NA
BG	1997	70.4	NA
BG	1996	71	NA
BG	1995	71	NA
BG	1994	71	NA
BG	1993	71.3	NA
BG	1992	71.3	NA
BG	1991	71.3	NA
BG	1990	71.2	NA
BG	1989	71.4	NA
BG	1988	71.4	NA
BG	1987	71.4	NA
BG	1986	71.6	NA
BG	1985	71.1	NA
BG	1984	71.6	NA
BG	1983	71.5	NA
BG	1982	71.4	NA
BG	1981	71.9	NA
BG	1980	71.5	NA
BG	1979	71.6	NA
BG	1978	71.7	NA
BG	1977	71.4	NA
BG	1976	72	NA
BG	1975	71.6	NA
BG	1974	72	NA
BG	1973	72.2	NA
BG	1972	71.7	NA
BG	1971	71.6	NA
BG	1970	72.2	NA
BG	1969	71.6	NA
BG	1968	72.4	NA
BG	1967	71.8	NA
BG	1966	72.5	NA
BG	1965	72.5	NA
BG	1964	72.7	NA
BG	1963	72	NA
BG	1962	71.3	NA
BG	1961	72.1	NA
BG	1960	71.6	NA
BY	2018	NA	NA
BY	2017	73.7	NA
BY	2016	73.5	NA
BY	2015	73.2	NA
BY	2014	72.6	NA
BY	2013	72	NA
BY	2012	71.5	NA
BY	2011	70	NA
BY	2010	NA	NA
BY	2009	NA	NA
BY	2008	NA	NA
BY	2007	NA	NA
BY	2006	NA	NA
BY	2005	NA	NA
BY	2004	NA	NA
BY	2003	NA	NA
BY	2002	NA	NA
BY	2001	NA	NA
BY	2000	NA	NA
BY	1999	NA	NA
BY	1998	NA	NA
BY	1997	NA	NA
BY	1996	NA	NA
BY	1995	NA	NA
BY	1994	NA	NA
BY	1993	NA	NA
BY	1992	NA	NA
BY	1991	NA	NA
BY	1990	NA	NA
BY	1989	NA	NA
BY	1988	NA	NA
BY	1987	NA	NA
BY	1986	NA	NA
BY	1985	NA	NA
BY	1984	NA	NA
BY	1983	NA	NA
BY	1982	NA	NA
BY	1981	NA	NA
BY	1980	NA	NA
BY	1979	NA	NA
BY	1978	NA	NA
BY	1977	NA	NA
BY	1976	NA	NA
BY	1975	NA	NA
BY	1974	NA	NA
BY	1973	NA	NA
BY	1972	NA	NA
BY	1971	NA	NA
BY	1970	NA	NA
BY	1969	NA	NA
BY	1968	NA	NA
BY	1967	NA	NA
BY	1966	NA	NA
BY	1965	NA	NA
BY	1964	NA	NA
BY	1963	NA	NA
BY	1962	NA	NA
BY	1961	NA	NA
BY	1960	NA	NA
CH	2018	NA	59870
CH	2017	83	58700
CH	2016	83	58200
CH	2015	82.4	57840
CH	2014	82.7	57730
CH	2013	82.2	57040
CH	2012	82.1	56660
CH	2011	82.2	56690
CH	2010	82	56150
CH	2009	81.7	55080
CH	2008	81.7	57030
CH	2007	81.4	56500
CH	2006	81.2	54720
CH	2005	80.8	52920
CH	2004	80.7	51630
CH	2003	80	50580
CH	2002	80	50930
CH	2001	79.8	51220
CH	2000	79.4	50770
CH	1999	79.2	NA
CH	1998	79	NA
CH	1997	78.8	NA
CH	1996	78.6	NA
CH	1995	78.1	NA
CH	1994	78.1	NA
CH	1993	77.8	NA
CH	1992	77.6	NA
CH	1991	77.3	NA
CH	1990	77	NA
CH	1989	77.3	NA
CH	1988	77.1	NA
CH	1987	77	NA
CH	1986	76.7	NA
CH	1985	76.5	NA
CH	1984	76.4	NA
CH	1983	75.8	NA
CH	1982	75.8	NA
CH	1981	75.5	NA
CH	1980	75.4	NA
CH	1979	75.4	NA
CH	1978	75	NA
CH	1977	75.2	NA
CH	1976	74.8	NA
CH	1975	74.7	NA
CH	1974	74.4	NA
CH	1973	74.1	NA
CH	1972	73.8	NA
CH	1971	73.3	NA
CH	1970	73.3	NA
CH	1969	72.9	NA
CH	1968	72.9	NA
CH	1967	73.1	NA
CH	1966	72.7	NA
CH	1965	72.6	NA
CH	1964	72.6	NA
CH	1963	71.8	NA
CH	1962	71.9	NA
CH	1961	72.4	NA
CH	1960	72	NA
CY	2018	NA	23770
CY	2017	81.3	23120
CY	2016	81.9	22360
CY	2015	81	21040
CY	2014	81.5	20240
CY	2013	81.7	20400
CY	2012	80.4	21780
CY	2011	80.5	22900
CY	2010	80.8	23400
CY	2009	80.2	23550
CY	2008	79.9	24680
CY	2007	79.1	24420
CY	2006	79.4	23740
CY	2005	78	23050
CY	2004	78.4	22300
CY	2003	78.3	21520
CY	2002	78	21230
CY	2001	78.4	20700
CY	2000	77.1	20130
CY	1999	77.4	NA
CY	1998	76.7	NA
CY	1997	77	NA
CY	1996	77.3	NA
CY	1995	77	NA
CY	1994	76.8	NA
CY	1993	76.9	NA
CY	1992	NA	NA
CY	1991	NA	NA
CY	1990	NA	NA
CY	1989	NA	NA
CY	1988	NA	NA
CY	1987	NA	NA
CY	1986	NA	NA
CY	1985	NA	NA
CY	1984	NA	NA
CY	1983	NA	NA
CY	1982	NA	NA
CY	1981	NA	NA
CY	1980	NA	NA
CY	1979	NA	NA
CY	1978	NA	NA
CY	1977	NA	NA
CY	1976	NA	NA
CY	1975	NA	NA
CY	1974	NA	NA
CY	1973	NA	NA
CY	1972	NA	NA
CY	1971	NA	NA
CY	1970	NA	NA
CY	1969	NA	NA
CY	1968	NA	NA
CY	1967	NA	NA
CY	1966	NA	NA
CY	1965	NA	NA
CY	1964	NA	NA
CY	1963	NA	NA
CY	1962	NA	NA
CY	1961	NA	NA
CY	1960	NA	NA
CZ	2018	NA	17620
CZ	2017	78.3	17200
CZ	2016	78.4	16520
CZ	2015	77.9	16160
CZ	2014	78.1	15370
CZ	2013	77.5	14980
CZ	2012	77.4	15060
CZ	2011	77.2	15200
CZ	2010	76.9	14900
CZ	2009	76.6	14610
CZ	2008	76.5	15430
CZ	2007	76.3	15190
CZ	2006	76	14460
CZ	2005	75.4	13570
CZ	2004	75.2	12780
CZ	2003	74.6	12180
CZ	2002	74.7	11760
CZ	2001	74.6	11540
CZ	2000	74.4	11170
CZ	1999	74.2	NA
CZ	1998	74.1	NA
CZ	1997	73.5	NA
CZ	1996	73.4	NA
CZ	1995	72.8	NA
CZ	1994	72.7	NA
CZ	1993	72.6	NA
CZ	1992	72.1	NA
CZ	1991	71.8	NA
CZ	1990	71.3	NA
CZ	1989	71.5	NA
CZ	1988	71.6	NA
CZ	1987	71.4	NA
CZ	1986	71	NA
CZ	1985	71	NA
CZ	1984	70.9	NA
CZ	1983	70.7	NA
CZ	1982	71	NA
CZ	1981	70.9	NA
CZ	1980	70.5	NA
CZ	1979	71	NA
CZ	1978	71	NA
CZ	1977	71	NA
CZ	1976	71	NA
CZ	1975	70.9	NA
CZ	1974	70.6	NA
CZ	1973	70.6	NA
CZ	1972	70.7	NA
CZ	1971	70.2	NA
CZ	1970	70	NA
CZ	1969	70.1	NA
CZ	1968	70.6	NA
CZ	1967	71	NA
CZ	1966	71.1	NA
CZ	1965	71	NA
CZ	1964	71.1	NA
CZ	1963	71	NA
CZ	1962	70.5	NA
CZ	1961	71.1	NA
CZ	1960	71.1	NA
DE	2018	NA	35860
DE	2017	80.3	35420
DE	2016	80.3	34700
DE	2015	80	34220
DE	2014	80.4	33930
DE	2013	79.9	33330
DE	2012	80	33280
DE	2011	79.9	33200
DE	2010	79.8	31940
DE	2009	79.6	30580
DE	2008	79.5	32320
DE	2007	79.4	31920
DE	2006	79.2	30930
DE	2005	78.7	29730
DE	2004	78.6	29470
DE	2003	78	29090
DE	2002	77.9	29290
DE	2001	77.9	29370
DE	2000	77.6	28900
DE	1999	77.4	NA
DE	1998	77.2	NA
DE	1997	76.8	NA
DE	1996	76.4	NA
DE	1995	76.1	NA
DE	1994	76	NA
DE	1993	75.7	NA
DE	1992	75.6	NA
DE	1991	75.2	NA
DE	1990	76.9	NA
DE	1989	75.7	NA
DE	1988	75.6	NA
DE	1987	75.4	NA
DE	1986	75	NA
DE	1985	74.8	NA
DE	1984	NA	NA
DE	1983	NA	NA
DE	1982	NA	NA
DE	1981	NA	NA
DE	1980	NA	NA
DE	1979	NA	NA
DE	1978	NA	NA
DE	1977	NA	NA
DE	1976	NA	NA
DE	1975	NA	NA
DE	1974	NA	NA
DE	1973	NA	NA
DE	1972	NA	NA
DE	1971	NA	NA
DE	1970	NA	NA
DE	1969	NA	NA
DE	1968	NA	NA
DE	1967	NA	NA
DE	1966	NA	NA
DE	1965	NA	NA
DE	1964	NA	NA
DE	1963	NA	NA
DE	1962	NA	NA
DE	1961	NA	NA
DE	1960	NA	NA
DE_TOT	2018	NA	NA
DE_TOT	2017	80.3	NA
DE_TOT	2016	80.3	NA
DE_TOT	2015	80	NA
DE_TOT	2014	80.4	NA
DE_TOT	2013	79.9	NA
DE_TOT	2012	80	NA
DE_TOT	2011	79.9	NA
DE_TOT	2010	79.8	NA
DE_TOT	2009	79.6	NA
DE_TOT	2008	79.5	NA
DE_TOT	2007	79.4	NA
DE_TOT	2006	79.2	NA
DE_TOT	2005	78.7	NA
DE_TOT	2004	78.6	NA
DE_TOT	2003	78	NA
DE_TOT	2002	77.9	NA
DE_TOT	2001	77.9	NA
DE_TOT	2000	77.6	NA
DE_TOT	1999	77.4	NA
DE_TOT	1998	77.2	NA
DE_TOT	1997	76.8	NA
DE_TOT	1996	76.4	NA
DE_TOT	1995	76.1	NA
DE_TOT	1994	76	NA
DE_TOT	1993	75.7	NA
DE_TOT	1992	75.6	NA
DE_TOT	1991	75.2	NA
DE_TOT	1990	75	NA
DE_TOT	1989	75.1	NA
DE_TOT	1988	75	NA
DE_TOT	1987	74.8	NA
DE_TOT	1986	74.4	NA
DE_TOT	1985	74.2	NA
DE_TOT	1984	74.2	NA
DE_TOT	1983	73.7	NA
DE_TOT	1982	73.5	NA
DE_TOT	1981	73.2	NA
DE_TOT	1980	73.1	NA
DE_TOT	1979	73	NA
DE_TOT	1978	72.7	NA
DE_TOT	1977	72.7	NA
DE_TOT	1976	72.2	NA
DE_TOT	1975	71.9	NA
DE_TOT	1974	72.2	NA
DE_TOT	1973	71.9	NA
DE_TOT	1972	71.6	NA
DE_TOT	1971	71.5	NA
DE_TOT	1970	71.3	NA
DE_TOT	1969	71	NA
DE_TOT	1968	71.2	NA
DE_TOT	1967	71.6	NA
DE_TOT	1966	71.5	NA
DE_TOT	1965	71.4	NA
DE_TOT	1964	71.6	NA
DE_TOT	1963	71.2	NA
DE_TOT	1962	71.2	NA
DE_TOT	1961	71.2	NA
DE_TOT	1960	70.7	NA
DK	2018	NA	48260
DK	2017	80.5	47360
DK	2016	80.2	46720
DK	2015	80.1	45630
DK	2014	80.1	44890
DK	2013	79.6	44410
DK	2012	79.4	44170
DK	2011	79.1	44240
DK	2010	78.6	43840
DK	2009	78.3	43220
DK	2008	78.1	45700
DK	2007	77.7	46210
DK	2006	77.7	45990
DK	2005	77.6	44400
DK	2004	77.2	43520
DK	2003	76.8	42490
DK	2002	76.4	42430
DK	2001	76.4	42390
DK	2000	76.3	42190
DK	1999	76	NA
DK	1998	75.9	NA
DK	1997	75.5	NA
DK	1996	75.1	NA
DK	1995	74.7	NA
DK	1994	74.9	NA
DK	1993	74.6	NA
DK	1992	74.8	NA
DK	1991	74.8	NA
DK	1990	74.5	NA
DK	1989	74.5	NA
DK	1988	74.5	NA
DK	1987	74.4	NA
DK	1986	74.3	NA
DK	1985	74.1	NA
DK	1984	74.3	NA
DK	1983	74.1	NA
DK	1982	74.3	NA
DK	1981	73.9	NA
DK	1980	73.8	NA
DK	1979	73.9	NA
DK	1978	74.2	NA
DK	1977	74.4	NA
DK	1976	73.5	NA
DK	1975	73.9	NA
DK	1974	73.7	NA
DK	1973	NA	NA
DK	1972	NA	NA
DK	1971	NA	NA
DK	1970	NA	NA
DK	1969	NA	NA
DK	1968	NA	NA
DK	1967	NA	NA
DK	1966	NA	NA
DK	1965	NA	NA
DK	1964	NA	NA
DK	1963	NA	NA
DK	1962	NA	NA
DK	1961	NA	NA
DK	1960	NA	NA
EA18	2018	NA	NA
EA18	2017	81.3	NA
EA18	2016	81.3	NA
EA18	2015	81	NA
EA18	2014	81.3	NA
EA18	2013	80.9	NA
EA18	2012	80.6	NA
EA18	2011	80.7	NA
EA18	2010	80.4	NA
EA18	2009	80.1	NA
EA18	2008	79.9	NA
EA18	2007	79.7	NA
EA18	2006	79.6	NA
EA18	2005	79	NA
EA18	2004	79	NA
EA18	2003	78.3	NA
EA18	2002	78.3	NA
EA18	2001	NA	NA
EA18	2000	NA	NA
EA18	1999	NA	NA
EA18	1998	NA	NA
EA18	1997	NA	NA
EA18	1996	NA	NA
EA18	1995	NA	NA
EA18	1994	NA	NA
EA18	1993	NA	NA
EA18	1992	NA	NA
EA18	1991	NA	NA
EA18	1990	NA	NA
EA18	1989	NA	NA
EA18	1988	NA	NA
EA18	1987	NA	NA
EA18	1986	NA	NA
EA18	1985	NA	NA
EA18	1984	NA	NA
EA18	1983	NA	NA
EA18	1982	NA	NA
EA18	1981	NA	NA
EA18	1980	NA	NA
EA18	1979	NA	NA
EA18	1978	NA	NA
EA18	1977	NA	NA
EA18	1976	NA	NA
EA18	1975	NA	NA
EA18	1974	NA	NA
EA18	1973	NA	NA
EA18	1972	NA	NA
EA18	1971	NA	NA
EA18	1970	NA	NA
EA18	1969	NA	NA
EA18	1968	NA	NA
EA18	1967	NA	NA
EA18	1966	NA	NA
EA18	1965	NA	NA
EA18	1964	NA	NA
EA18	1963	NA	NA
EA18	1962	NA	NA
EA18	1961	NA	NA
EA18	1960	NA	NA
EA19	2018	NA	30930
EA19	2017	81.2	30420
EA19	2016	81.3	29730
EA19	2015	80.9	29260
EA19	2014	81.3	28750
EA19	2013	80.8	28410
EA19	2012	80.6	28540
EA19	2011	80.6	28870
EA19	2010	80.3	28470
EA19	2009	80.1	27940
EA19	2008	79.8	29350
EA19	2007	79.6	29370
EA19	2006	79.5	28670
EA19	2005	78.9	27910
EA19	2004	78.9	27600
EA19	2003	78.2	27120
EA19	2002	78.2	27100
EA19	2001	NA	26990
EA19	2000	NA	26500
EA19	1999	NA	NA
EA19	1998	NA	NA
EA19	1997	NA	NA
EA19	1996	NA	NA
EA19	1995	NA	NA
EA19	1994	NA	NA
EA19	1993	NA	NA
EA19	1992	NA	NA
EA19	1991	NA	NA
EA19	1990	NA	NA
EA19	1989	NA	NA
EA19	1988	NA	NA
EA19	1987	NA	NA
EA19	1986	NA	NA
EA19	1985	NA	NA
EA19	1984	NA	NA
EA19	1983	NA	NA
EA19	1982	NA	NA
EA19	1981	NA	NA
EA19	1980	NA	NA
EA19	1979	NA	NA
EA19	1978	NA	NA
EA19	1977	NA	NA
EA19	1976	NA	NA
EA19	1975	NA	NA
EA19	1974	NA	NA
EA19	1973	NA	NA
EA19	1972	NA	NA
EA19	1971	NA	NA
EA19	1970	NA	NA
EA19	1969	NA	NA
EA19	1968	NA	NA
EA19	1967	NA	NA
EA19	1966	NA	NA
EA19	1965	NA	NA
EA19	1964	NA	NA
EA19	1963	NA	NA
EA19	1962	NA	NA
EA19	1961	NA	NA
EA19	1960	NA	NA
EE	2018	NA	15090
EE	2017	77.6	14440
EE	2016	77.2	13650
EE	2015	77.2	13330
EE	2014	76.6	13060
EE	2013	76.7	12640
EE	2012	76	12430
EE	2011	75.8	12010
EE	2010	75.3	11150
EE	2009	74.6	10830
EE	2008	73.7	12640
EE	2007	72.6	13270
EE	2006	72.5	12260
EE	2005	72.4	11110
EE	2004	71.9	10090
EE	2003	71.4	9390
EE	2002	70.8	8680
EE	2001	70.5	8070
EE	2000	70.7	7570
EE	1999	70.3	NA
EE	1998	69.3	NA
EE	1997	69.8	NA
EE	1996	69.6	NA
EE	1995	67.7	NA
EE	1994	66.6	NA
EE	1993	68.1	NA
EE	1992	69.2	NA
EE	1991	69.7	NA
EE	1990	69.7	NA
EE	1989	70.6	NA
EE	1988	70.9	NA
EE	1987	71.1	NA
EE	1986	71.1	NA
EE	1985	69.7	NA
EE	1984	69.6	NA
EE	1983	69.9	NA
EE	1982	70.1	NA
EE	1981	69.6	NA
EE	1980	69.7	NA
EE	1979	69.7	NA
EE	1978	69.8	NA
EE	1977	70.1	NA
EE	1976	70	NA
EE	1975	70.5	NA
EE	1974	71.1	NA
EE	1973	70.9	NA
EE	1972	70.5	NA
EE	1971	70.9	NA
EE	1970	70.7	NA
EE	1969	70.5	NA
EE	1968	70.9	NA
EE	1967	71.4	NA
EE	1966	71.2	NA
EE	1965	71.2	NA
EE	1964	71.6	NA
EE	1963	70.8	NA
EE	1962	70.6	NA
EE	1961	70.7	NA
EE	1960	70.6	NA
EEA30_2007	2018	NA	NA
EEA30_2007	2017	80.3	NA
EEA30_2007	2016	80.3	NA
EEA30_2007	2015	79.9	NA
EEA30_2007	2014	80.2	NA
EEA30_2007	2013	79.9	NA
EEA30_2007	2012	79.6	NA
EEA30_2007	2011	79.6	NA
EEA30_2007	2010	79.3	NA
EEA30_2007	2009	79	NA
EEA30_2007	2008	78.8	NA
EEA30_2007	2007	78.5	NA
EEA30_2007	2006	78.4	NA
EEA30_2007	2005	77.9	NA
EEA30_2007	2004	77.8	NA
EEA30_2007	2003	77.2	NA
EEA30_2007	2002	77.2	NA
EEA30_2007	2001	NA	NA
EEA30_2007	2000	NA	NA
EEA30_2007	1999	NA	NA
EEA30_2007	1998	NA	NA
EEA30_2007	1997	NA	NA
EEA30_2007	1996	NA	NA
EEA30_2007	1995	NA	NA
EEA30_2007	1994	NA	NA
EEA30_2007	1993	NA	NA
EEA30_2007	1992	NA	NA
EEA30_2007	1991	NA	NA
EEA30_2007	1990	NA	NA
EEA30_2007	1989	NA	NA
EEA30_2007	1988	NA	NA
EEA30_2007	1987	NA	NA
EEA30_2007	1986	NA	NA
EEA30_2007	1985	NA	NA
EEA30_2007	1984	NA	NA
EEA30_2007	1983	NA	NA
EEA30_2007	1982	NA	NA
EEA30_2007	1981	NA	NA
EEA30_2007	1980	NA	NA
EEA30_2007	1979	NA	NA
EEA30_2007	1978	NA	NA
EEA30_2007	1977	NA	NA
EEA30_2007	1976	NA	NA
EEA30_2007	1975	NA	NA
EEA30_2007	1974	NA	NA
EEA30_2007	1973	NA	NA
EEA30_2007	1972	NA	NA
EEA30_2007	1971	NA	NA
EEA30_2007	1970	NA	NA
EEA30_2007	1969	NA	NA
EEA30_2007	1968	NA	NA
EEA30_2007	1967	NA	NA
EEA30_2007	1966	NA	NA
EEA30_2007	1965	NA	NA
EEA30_2007	1964	NA	NA
EEA30_2007	1963	NA	NA
EEA30_2007	1962	NA	NA
EEA30_2007	1961	NA	NA
EEA30_2007	1960	NA	NA
EEA31	2018	NA	NA
EEA31	2017	80.2	NA
EEA31	2016	80.3	NA
EEA31	2015	79.9	NA
EEA31	2014	80.2	NA
EEA31	2013	79.9	NA
EEA31	2012	79.6	NA
EEA31	2011	79.6	NA
EEA31	2010	79.3	NA
EEA31	2009	79	NA
EEA31	2008	78.7	NA
EEA31	2007	78.5	NA
EEA31	2006	78.3	NA
EEA31	2005	77.9	NA
EEA31	2004	77.8	NA
EEA31	2003	77.2	NA
EEA31	2002	77.2	NA
EEA31	2001	NA	NA
EEA31	2000	NA	NA
EEA31	1999	NA	NA
EEA31	1998	NA	NA
EEA31	1997	NA	NA
EEA31	1996	NA	NA
EEA31	1995	NA	NA
EEA31	1994	NA	NA
EEA31	1993	NA	NA
EEA31	1992	NA	NA
EEA31	1991	NA	NA
EEA31	1990	NA	NA
EEA31	1989	NA	NA
EEA31	1988	NA	NA
EEA31	1987	NA	NA
EEA31	1986	NA	NA
EEA31	1985	NA	NA
EEA31	1984	NA	NA
EEA31	1983	NA	NA
EEA31	1982	NA	NA
EEA31	1981	NA	NA
EEA31	1980	NA	NA
EEA31	1979	NA	NA
EEA31	1978	NA	NA
EEA31	1977	NA	NA
EEA31	1976	NA	NA
EEA31	1975	NA	NA
EEA31	1974	NA	NA
EEA31	1973	NA	NA
EEA31	1972	NA	NA
EEA31	1971	NA	NA
EEA31	1970	NA	NA
EEA31	1969	NA	NA
EEA31	1968	NA	NA
EEA31	1967	NA	NA
EEA31	1966	NA	NA
EEA31	1965	NA	NA
EEA31	1964	NA	NA
EEA31	1963	NA	NA
EEA31	1962	NA	NA
EEA31	1961	NA	NA
EEA31	1960	NA	NA
EFTA	2018	NA	NA
EFTA	2017	82.5	NA
EFTA	2016	82.5	NA
EFTA	2015	82.1	NA
EFTA	2014	82.2	NA
EFTA	2013	81.8	NA
EFTA	2012	81.6	NA
EFTA	2011	81.6	NA
EFTA	2010	81.4	NA
EFTA	2009	81.2	NA
EFTA	2008	81	NA
EFTA	2007	80.8	NA
EFTA	2006	80.7	NA
EFTA	2005	80.3	NA
EFTA	2004	80.2	NA
EFTA	2003	79.6	NA
EFTA	2002	79.3	NA
EFTA	2001	79.2	NA
EFTA	2000	78.9	NA
EFTA	1999	78.6	NA
EFTA	1998	78.5	NA
EFTA	1997	78.3	NA
EFTA	1996	78.2	NA
EFTA	1995	77.7	NA
EFTA	1994	77.8	NA
EFTA	1993	NA	NA
EFTA	1992	NA	NA
EFTA	1991	NA	NA
EFTA	1990	NA	NA
EFTA	1989	NA	NA
EFTA	1988	NA	NA
EFTA	1987	NA	NA
EFTA	1986	NA	NA
EFTA	1985	NA	NA
EFTA	1984	NA	NA
EFTA	1983	NA	NA
EFTA	1982	NA	NA
EFTA	1981	NA	NA
EFTA	1980	NA	NA
EFTA	1979	NA	NA
EFTA	1978	NA	NA
EFTA	1977	NA	NA
EFTA	1976	NA	NA
EFTA	1975	NA	NA
EFTA	1974	NA	NA
EFTA	1973	NA	NA
EFTA	1972	NA	NA
EFTA	1971	NA	NA
EFTA	1970	NA	NA
EFTA	1969	NA	NA
EFTA	1968	NA	NA
EFTA	1967	NA	NA
EFTA	1966	NA	NA
EFTA	1965	NA	NA
EFTA	1964	NA	NA
EFTA	1963	NA	NA
EFTA	1962	NA	NA
EFTA	1961	NA	NA
EFTA	1960	NA	NA
EL	2018	NA	17780
EL	2017	80.6	17410
EL	2016	80.8	17110
EL	2015	80.4	17080
EL	2014	80.8	17040
EL	2013	80.7	16800
EL	2012	79.9	17240
EL	2011	80	18500
EL	2010	79.9	20320
EL	2009	79.6	21530
EL	2008	79.5	22560
EL	2007	79	22690
EL	2006	79.2	22030
EL	2005	78.9	20910
EL	2004	78.7	20850
EL	2003	78.6	19890
EL	2002	78.6	18850
EL	2001	78.5	18210
EL	2000	78.1	17570
EL	1999	78	NA
EL	1998	77.9	NA
EL	1997	77.9	NA
EL	1996	77.5	NA
EL	1995	77.4	NA
EL	1994	77.4	NA
EL	1993	77.2	NA
EL	1992	76.9	NA
EL	1991	77	NA
EL	1990	76.9	NA
EL	1989	76.7	NA
EL	1988	76.6	NA
EL	1987	76.1	NA
EL	1986	76.3	NA
EL	1985	76	NA
EL	1984	76.3	NA
EL	1983	75.8	NA
EL	1982	76.1	NA
EL	1981	75.9	NA
EL	1980	75.6	NA
EL	1979	76	NA
EL	1978	75.7	NA
EL	1977	75.2	NA
EL	1976	75.2	NA
EL	1975	75.2	NA
EL	1974	75.5	NA
EL	1973	75	NA
EL	1972	74.9	NA
EL	1971	75.1	NA
EL	1970	74.9	NA
EL	1969	74.4	NA
EL	1968	74	NA
EL	1967	73.9	NA
EL	1966	74.1	NA
EL	1965	74	NA
EL	1964	73.5	NA
EL	1963	73.8	NA
EL	1962	73.7	NA
EL	1961	73.8	NA
EL	1960	NA	NA
ES	2018	NA	24880
ES	2017	82.6	24410
ES	2016	82.7	23760
ES	2015	82.2	23080
ES	2014	82.5	22210
ES	2013	82.4	21840
ES	2012	81.8	22080
ES	2011	81.8	22770
ES	2010	81.6	23040
ES	2009	81.2	23100
ES	2008	80.8	24200
ES	2007	80.4	24380
ES	2006	80.4	24000
ES	2005	79.6	23420
ES	2004	79.7	23020
ES	2003	79	22680
ES	2002	79.2	22430
ES	2001	79.1	22190
ES	2000	78.7	21460
ES	1999	78.2	NA
ES	1998	78.2	NA
ES	1997	78.2	NA
ES	1996	77.7	NA
ES	1995	77.5	NA
ES	1994	77.5	NA
ES	1993	77.2	NA
ES	1992	77.1	NA
ES	1991	76.6	NA
ES	1990	76.5	NA
ES	1989	76.6	NA
ES	1988	76.5	NA
ES	1987	76.6	NA
ES	1986	76.4	NA
ES	1985	76	NA
ES	1984	76.2	NA
ES	1983	75.9	NA
ES	1982	76.2	NA
ES	1981	75.6	NA
ES	1980	75.4	NA
ES	1979	75	NA
ES	1978	74.5	NA
ES	1977	74.4	NA
ES	1976	74	NA
ES	1975	73.8	NA
ES	1974	NA	NA
ES	1973	NA	NA
ES	1972	NA	NA
ES	1971	NA	NA
ES	1970	NA	NA
ES	1969	NA	NA
ES	1968	NA	NA
ES	1967	NA	NA
ES	1966	NA	NA
ES	1965	NA	NA
ES	1964	NA	NA
ES	1963	NA	NA
ES	1962	NA	NA
ES	1961	NA	NA
ES	1960	NA	NA
EU27_2007	2018	NA	NA
EU27_2007	2017	80.3	NA
EU27_2007	2016	80.3	NA
EU27_2007	2015	79.9	NA
EU27_2007	2014	80.2	NA
EU27_2007	2013	79.9	NA
EU27_2007	2012	79.6	NA
EU27_2007	2011	79.6	NA
EU27_2007	2010	79.3	NA
EU27_2007	2009	79	NA
EU27_2007	2008	78.7	NA
EU27_2007	2007	78.5	NA
EU27_2007	2006	78.3	NA
EU27_2007	2005	77.9	NA
EU27_2007	2004	77.8	NA
EU27_2007	2003	77.2	NA
EU27_2007	2002	77.2	NA
EU27_2007	2001	NA	NA
EU27_2007	2000	NA	NA
EU27_2007	1999	NA	NA
EU27_2007	1998	NA	NA
EU27_2007	1997	NA	NA
EU27_2007	1996	NA	NA
EU27_2007	1995	NA	NA
EU27_2007	1994	NA	NA
EU27_2007	1993	NA	NA
EU27_2007	1992	NA	NA
EU27_2007	1991	NA	NA
EU27_2007	1990	NA	NA
EU27_2007	1989	NA	NA
EU27_2007	1988	NA	NA
EU27_2007	1987	NA	NA
EU27_2007	1986	NA	NA
EU27_2007	1985	NA	NA
EU27_2007	1984	NA	NA
EU27_2007	1983	NA	NA
EU27_2007	1982	NA	NA
EU27_2007	1981	NA	NA
EU27_2007	1980	NA	NA
EU27_2007	1979	NA	NA
EU27_2007	1978	NA	NA
EU27_2007	1977	NA	NA
EU27_2007	1976	NA	NA
EU27_2007	1975	NA	NA
EU27_2007	1974	NA	NA
EU27_2007	1973	NA	NA
EU27_2007	1972	NA	NA
EU27_2007	1971	NA	NA
EU27_2007	1970	NA	NA
EU27_2007	1969	NA	NA
EU27_2007	1968	NA	NA
EU27_2007	1967	NA	NA
EU27_2007	1966	NA	NA
EU27_2007	1965	NA	NA
EU27_2007	1964	NA	NA
EU27_2007	1963	NA	NA
EU27_2007	1962	NA	NA
EU27_2007	1961	NA	NA
EU27_2007	1960	NA	NA
EU27_2020	2018	NA	27620
EU27_2020	2017	80.2	27080
EU27_2020	2016	80.2	26410
EU27_2020	2015	79.8	25930
EU27_2020	2014	80.1	25390
EU27_2020	2013	79.8	25030
EU27_2020	2012	79.5	25080
EU27_2020	2011	79.4	25320
EU27_2020	2010	79.2	24900
EU27_2020	2009	78.9	24400
EU27_2020	2008	78.6	25580
EU27_2020	2007	78.4	25500
EU27_2020	2006	78.2	24810
EU27_2020	2005	77.8	24060
EU27_2020	2004	77.7	23710
EU27_2020	2003	77.1	23200
EU27_2020	2002	77.1	23090
EU27_2020	2001	NA	22900
EU27_2020	2000	NA	22460
EU27_2020	1999	NA	NA
EU27_2020	1998	NA	NA
EU27_2020	1997	NA	NA
EU27_2020	1996	NA	NA
EU27_2020	1995	NA	NA
EU27_2020	1994	NA	NA
EU27_2020	1993	NA	NA
EU27_2020	1992	NA	NA
EU27_2020	1991	NA	NA
EU27_2020	1990	NA	NA
EU27_2020	1989	NA	NA
EU27_2020	1988	NA	NA
EU27_2020	1987	NA	NA
EU27_2020	1986	NA	NA
EU27_2020	1985	NA	NA
EU27_2020	1984	NA	NA
EU27_2020	1983	NA	NA
EU27_2020	1982	NA	NA
EU27_2020	1981	NA	NA
EU27_2020	1980	NA	NA
EU27_2020	1979	NA	NA
EU27_2020	1978	NA	NA
EU27_2020	1977	NA	NA
EU27_2020	1976	NA	NA
EU27_2020	1975	NA	NA
EU27_2020	1974	NA	NA
EU27_2020	1973	NA	NA
EU27_2020	1972	NA	NA
EU27_2020	1971	NA	NA
EU27_2020	1970	NA	NA
EU27_2020	1969	NA	NA
EU27_2020	1968	NA	NA
EU27_2020	1967	NA	NA
EU27_2020	1966	NA	NA
EU27_2020	1965	NA	NA
EU27_2020	1964	NA	NA
EU27_2020	1963	NA	NA
EU27_2020	1962	NA	NA
EU27_2020	1961	NA	NA
EU27_2020	1960	NA	NA
EU28	2018	NA	28280
EU28	2017	80.2	27780
EU28	2016	80.3	27140
EU28	2015	79.9	26680
EU28	2014	80.2	26140
EU28	2013	79.8	25750
EU28	2012	79.6	25730
EU28	2011	79.6	25900
EU28	2010	79.3	25500
EU28	2009	79	25020
EU28	2008	78.7	26240
EU28	2007	78.5	26220
EU28	2006	78.3	25560
EU28	2005	77.9	24820
EU28	2004	77.8	24410
EU28	2003	77.2	23910
EU28	2002	77.1	23690
EU28	2001	NA	23440
EU28	2000	NA	22960
EU28	1999	NA	NA
EU28	1998	NA	NA
EU28	1997	NA	NA
EU28	1996	NA	NA
EU28	1995	NA	NA
EU28	1994	NA	NA
EU28	1993	NA	NA
EU28	1992	NA	NA
EU28	1991	NA	NA
EU28	1990	NA	NA
EU28	1989	NA	NA
EU28	1988	NA	NA
EU28	1987	NA	NA
EU28	1986	NA	NA
EU28	1985	NA	NA
EU28	1984	NA	NA
EU28	1983	NA	NA
EU28	1982	NA	NA
EU28	1981	NA	NA
EU28	1980	NA	NA
EU28	1979	NA	NA
EU28	1978	NA	NA
EU28	1977	NA	NA
EU28	1976	NA	NA
EU28	1975	NA	NA
EU28	1974	NA	NA
EU28	1973	NA	NA
EU28	1972	NA	NA
EU28	1971	NA	NA
EU28	1970	NA	NA
EU28	1969	NA	NA
EU28	1968	NA	NA
EU28	1967	NA	NA
EU28	1966	NA	NA
EU28	1965	NA	NA
EU28	1964	NA	NA
EU28	1963	NA	NA
EU28	1962	NA	NA
EU28	1961	NA	NA
EU28	1960	NA	NA
FI	2018	NA	36850
FI	2017	80.9	36310
FI	2016	80.6	35300
FI	2015	80.7	34460
FI	2014	80.5	34390
FI	2013	80.3	34660
FI	2012	79.9	35140
FI	2011	79.8	35810
FI	2010	79.4	35080
FI	2009	79.3	34150
FI	2008	79.1	37330
FI	2007	78.8	37210
FI	2006	78.8	35490
FI	2005	78.4	34250
FI	2004	78.2	33440
FI	2003	77.8	32250
FI	2002	77.6	31690
FI	2001	77.5	31230
FI	2000	77.1	30510
FI	1999	76.8	NA
FI	1998	76.7	NA
FI	1997	76.5	NA
FI	1996	76.3	NA
FI	1995	76	NA
FI	1994	76	NA
FI	1993	75.3	NA
FI	1992	75.1	NA
FI	1991	74.9	NA
FI	1990	74.5	NA
FI	1989	74.5	NA
FI	1988	74.3	NA
FI	1987	74.3	NA
FI	1986	74.3	NA
FI	1985	74	NA
FI	1984	74.3	NA
FI	1983	74	NA
FI	1982	74.1	NA
FI	1981	73.5	NA
FI	1980	73.3	NA
FI	1979	NA	NA
FI	1978	NA	NA
FI	1977	NA	NA
FI	1976	NA	NA
FI	1975	NA	NA
FI	1974	NA	NA
FI	1973	NA	NA
FI	1972	NA	NA
FI	1971	NA	NA
FI	1970	NA	NA
FI	1969	NA	NA
FI	1968	NA	NA
FI	1967	NA	NA
FI	1966	NA	NA
FI	1965	NA	NA
FI	1964	NA	NA
FI	1963	NA	NA
FI	1962	NA	NA
FI	1961	NA	NA
FI	1960	NA	NA
FR	2018	NA	32830
FR	2017	82	32370
FR	2016	82	31770
FR	2015	81.8	31540
FR	2014	82.2	31320
FR	2013	81.7	31170
FR	2012	81.4	31160
FR	2011	81.6	31210
FR	2010	81.1	30690
FR	2009	80.9	30250
FR	2008	80.7	31310
FR	2007	80.6	31400
FR	2006	80.3	30850
FR	2005	79.7	30320
FR	2004	79.7	30050
FR	2003	78.6	29440
FR	2002	78.7	29410
FR	2001	78.6	29290
FR	2000	78.5	28930
FR	1999	78.2	NA
FR	1998	78.1	NA
FR	1997	NA	NA
FR	1996	NA	NA
FR	1995	NA	NA
FR	1994	NA	NA
FR	1993	NA	NA
FR	1992	NA	NA
FR	1991	NA	NA
FR	1990	NA	NA
FR	1989	NA	NA
FR	1988	NA	NA
FR	1987	NA	NA
FR	1986	NA	NA
FR	1985	NA	NA
FR	1984	NA	NA
FR	1983	NA	NA
FR	1982	NA	NA
FR	1981	NA	NA
FR	1980	NA	NA
FR	1979	NA	NA
FR	1978	NA	NA
FR	1977	NA	NA
FR	1976	NA	NA
FR	1975	NA	NA
FR	1974	NA	NA
FR	1973	NA	NA
FR	1972	NA	NA
FR	1971	NA	NA
FR	1970	NA	NA
FR	1969	NA	NA
FR	1968	NA	NA
FR	1967	NA	NA
FR	1966	NA	NA
FR	1965	NA	NA
FR	1964	NA	NA
FR	1963	NA	NA
FR	1962	NA	NA
FR	1961	NA	NA
FR	1960	NA	NA
FX	2018	NA	NA
FX	2017	NA	NA
FX	2016	NA	NA
FX	2015	NA	NA
FX	2014	NA	NA
FX	2013	NA	NA
FX	2012	81.4	NA
FX	2011	81.6	NA
FX	2010	81.2	NA
FX	2009	80.9	NA
FX	2008	80.7	NA
FX	2007	80.6	NA
FX	2006	80.3	NA
FX	2005	79.7	NA
FX	2004	79.7	NA
FX	2003	78.7	NA
FX	2002	78.8	NA
FX	2001	78.7	NA
FX	2000	78.6	NA
FX	1999	78.3	NA
FX	1998	78.1	NA
FX	1997	78	NA
FX	1996	77.6	NA
FX	1995	77.4	NA
FX	1994	77.5	NA
FX	1993	77	NA
FX	1992	77	NA
FX	1991	76.8	NA
FX	1990	76.6	NA
FX	1989	76.3	NA
FX	1988	76.2	NA
FX	1987	75.9	NA
FX	1986	75.3	NA
FX	1985	NA	NA
FX	1984	NA	NA
FX	1983	NA	NA
FX	1982	NA	NA
FX	1981	NA	NA
FX	1980	NA	NA
FX	1979	NA	NA
FX	1978	NA	NA
FX	1977	NA	NA
FX	1976	NA	NA
FX	1975	NA	NA
FX	1974	NA	NA
FX	1973	NA	NA
FX	1972	NA	NA
FX	1971	NA	NA
FX	1970	NA	NA
FX	1969	NA	NA
FX	1968	NA	NA
FX	1967	NA	NA
FX	1966	NA	NA
FX	1965	NA	NA
FX	1964	NA	NA
FX	1963	NA	NA
FX	1962	NA	NA
FX	1961	NA	NA
FX	1960	NA	NA
GE	2018	NA	NA
GE	2017	73.2	NA
GE	2016	72.4	NA
GE	2015	72.7	NA
GE	2014	73.9	NA
GE	2013	NA	NA
GE	2012	NA	NA
GE	2011	74.3	NA
GE	2010	74.3	NA
GE	2009	73.5	NA
GE	2008	74.4	NA
GE	2007	75	NA
GE	2006	74.4	NA
GE	2005	NA	NA
GE	2004	NA	NA
GE	2003	NA	NA
GE	2002	NA	NA
GE	2001	NA	NA
GE	2000	NA	NA
GE	1999	NA	NA
GE	1998	NA	NA
GE	1997	NA	NA
GE	1996	NA	NA
GE	1995	NA	NA
GE	1994	NA	NA
GE	1993	NA	NA
GE	1992	NA	NA
GE	1991	NA	NA
GE	1990	NA	NA
GE	1989	NA	NA
GE	1988	NA	NA
GE	1987	NA	NA
GE	1986	NA	NA
GE	1985	NA	NA
GE	1984	NA	NA
GE	1983	NA	NA
GE	1982	NA	NA
GE	1981	NA	NA
GE	1980	NA	NA
GE	1979	NA	NA
GE	1978	NA	NA
GE	1977	NA	NA
GE	1976	NA	NA
GE	1975	NA	NA
GE	1974	NA	NA
GE	1973	NA	NA
GE	1972	NA	NA
GE	1971	NA	NA
GE	1970	NA	NA
GE	1969	NA	NA
GE	1968	NA	NA
GE	1967	NA	NA
GE	1966	NA	NA
GE	1965	NA	NA
GE	1964	NA	NA
GE	1963	NA	NA
GE	1962	NA	NA
GE	1961	NA	NA
GE	1960	NA	NA
HR	2018	NA	11990
HR	2017	77.3	11560
HR	2016	77.5	11100
HR	2015	76.8	10630
HR	2014	77.3	10310
HR	2013	77.1	10280
HR	2012	76.6	10300
HR	2011	76.5	10500
HR	2010	76.1	10500
HR	2009	75.7	10630
HR	2008	75.3	11470
HR	2007	75.2	11260
HR	2006	75.3	10700
HR	2005	74.7	10190
HR	2004	74.9	9780
HR	2003	74	9400
HR	2002	74.2	8890
HR	2001	74.1	8460
HR	2000	NA	8200
HR	1999	NA	NA
HR	1998	NA	NA
HR	1997	NA	NA
HR	1996	NA	NA
HR	1995	NA	NA
HR	1994	NA	NA
HR	1993	NA	NA
HR	1992	NA	NA
HR	1991	NA	NA
HR	1990	NA	NA
HR	1989	NA	NA
HR	1988	NA	NA
HR	1987	NA	NA
HR	1986	NA	NA
HR	1985	NA	NA
HR	1984	NA	NA
HR	1983	NA	NA
HR	1982	NA	NA
HR	1981	NA	NA
HR	1980	NA	NA
HR	1979	NA	NA
HR	1978	NA	NA
HR	1977	NA	NA
HR	1976	NA	NA
HR	1975	NA	NA
HR	1974	NA	NA
HR	1973	NA	NA
HR	1972	NA	NA
HR	1971	NA	NA
HR	1970	NA	NA
HR	1969	NA	NA
HR	1968	NA	NA
HR	1967	NA	NA
HR	1966	NA	NA
HR	1965	NA	NA
HR	1964	NA	NA
HR	1963	NA	NA
HR	1962	NA	NA
HR	1961	NA	NA
HR	1960	NA	NA
HU	2018	NA	12560
HU	2017	75.3	11930
HU	2016	75.5	11410
HU	2015	75	11130
HU	2014	75.3	10690
HU	2013	75.2	10230
HU	2012	74.6	10010
HU	2011	74.5	10110
HU	2010	74.1	9900
HU	2009	73.8	9810
HU	2008	73.6	10500
HU	2007	73	10370
HU	2006	72.9	10330
HU	2005	72.4	9910
HU	2004	72.5	9490
HU	2003	72.1	9040
HU	2002	72.1	8660
HU	2001	72.1	8240
HU	2000	71.5	7900
HU	1999	70.7	NA
HU	1998	70.7	NA
HU	1997	70.7	NA
HU	1996	70.4	NA
HU	1995	69.8	NA
HU	1994	69.4	NA
HU	1993	69.1	NA
HU	1992	69.1	NA
HU	1991	69.5	NA
HU	1990	69.4	NA
HU	1989	69.6	NA
HU	1988	70.3	NA
HU	1987	70	NA
HU	1986	69.6	NA
HU	1985	69.5	NA
HU	1984	69.5	NA
HU	1983	69.3	NA
HU	1982	69.8	NA
HU	1981	69.7	NA
HU	1980	69.7	NA
HU	1979	70.3	NA
HU	1978	70.1	NA
HU	1977	70.8	NA
HU	1976	70.7	NA
HU	1975	70.8	NA
HU	1974	71	NA
HU	1973	71.1	NA
HU	1972	71.2	NA
HU	1971	70.6	NA
HU	1970	70.8	NA
HU	1969	71	NA
HU	1968	70.9	NA
HU	1967	71.3	NA
HU	1966	71.8	NA
HU	1965	71	NA
HU	1964	71.4	NA
HU	1963	71.1	NA
HU	1962	70.2	NA
HU	1961	71.2	NA
HU	1960	70.4	NA
IE	2018	NA	57960
IE	2017	81.5	54240
IE	2016	81	50710
IE	2015	80.8	49470
IE	2014	80.7	39890
IE	2013	80.3	37010
IE	2012	80.2	36690
IE	2011	80.1	36760
IE	2010	80.1	36790
IE	2009	79.5	36300
IE	2008	79.5	38600
IE	2007	79	41300
IE	2006	78.6	40400
IE	2005	78.3	39470
IE	2004	78	38190
IE	2003	77.6	36420
IE	2002	77.1	35930
IE	2001	76.6	34520
IE	2000	76.1	33310
IE	1999	75.5	NA
IE	1998	75.7	NA
IE	1997	75.5	NA
IE	1996	75.3	NA
IE	1995	74.9	NA
IE	1994	75.2	NA
IE	1993	74.7	NA
IE	1992	74.9	NA
IE	1991	74.6	NA
IE	1990	74.4	NA
IE	1989	74	NA
IE	1988	74	NA
IE	1987	73.9	NA
IE	1986	73.2	NA
IE	1985	NA	NA
IE	1984	NA	NA
IE	1983	NA	NA
IE	1982	NA	NA
IE	1981	NA	NA
IE	1980	NA	NA
IE	1979	NA	NA
IE	1978	NA	NA
IE	1977	NA	NA
IE	1976	NA	NA
IE	1975	NA	NA
IE	1974	NA	NA
IE	1973	NA	NA
IE	1972	NA	NA
IE	1971	NA	NA
IE	1970	NA	NA
IE	1969	NA	NA
IE	1968	NA	NA
IE	1967	NA	NA
IE	1966	NA	NA
IE	1965	NA	NA
IE	1964	NA	NA
IE	1963	NA	NA
IE	1962	NA	NA
IE	1961	NA	NA
IE	1960	NA	NA
IS	2018	NA	38960
IS	2017	81.9	38540
IS	2016	81.3	37750
IS	2015	81.7	35890
IS	2014	82.1	34620
IS	2013	81.3	34290
IS	2012	82	33250
IS	2011	81.5	33000
IS	2010	81.1	32490
IS	2009	80.9	33520
IS	2008	80.8	35940
IS	2007	80.7	36140
IS	2006	80.3	33820
IS	2005	80.7	33040
IS	2004	80.3	31420
IS	2003	80.2	29420
IS	2002	79.8	28940
IS	2001	80	28990
IS	2000	79	28290
IS	1999	78.6	NA
IS	1998	78.9	NA
IS	1997	78.4	NA
IS	1996	78.1	NA
IS	1995	77.5	NA
IS	1994	78.6	NA
IS	1993	78.4	NA
IS	1992	78.2	NA
IS	1991	77.4	NA
IS	1990	77.5	NA
IS	1989	77.6	NA
IS	1988	76.6	NA
IS	1987	76.9	NA
IS	1986	77.4	NA
IS	1985	77	NA
IS	1984	77	NA
IS	1983	76.2	NA
IS	1982	76.6	NA
IS	1981	75.9	NA
IS	1980	76.4	NA
IS	1979	NA	NA
IS	1978	76.5	NA
IS	1977	76	NA
IS	1976	76.5	NA
IS	1975	75.5	NA
IS	1974	74.3	NA
IS	1973	74.1	NA
IS	1972	74.4	NA
IS	1971	73.5	NA
IS	1970	73.8	NA
IS	1969	73.6	NA
IS	1968	74	NA
IS	1967	73.7	NA
IS	1966	73.3	NA
IS	1965	73.9	NA
IS	1964	73.8	NA
IS	1963	73.3	NA
IS	1962	74	NA
IS	1961	73.9	NA
IS	1960	NA	NA
IT	2018	NA	26740
IT	2017	82.3	26490
IT	2016	82.6	26020
IT	2015	81.9	25640
IT	2014	82.5	25420
IT	2013	82.1	25480
IT	2012	81.6	26090
IT	2011	81.6	27020
IT	2010	81.5	26930
IT	2009	81.1	26590
IT	2008	80.9	28230
IT	2007	80.8	28730
IT	2006	80.7	28480
IT	2005	80.2	28090
IT	2004	80.2	28030
IT	2003	79.5	27850
IT	2002	79.7	27960
IT	2001	79.6	27950
IT	2000	79.3	27430
IT	1999	79	NA
IT	1998	78.5	NA
IT	1997	78.4	NA
IT	1996	78.1	NA
IT	1995	77.8	NA
IT	1994	77.5	NA
IT	1993	77.4	NA
IT	1992	77.2	NA
IT	1991	76.8	NA
IT	1990	76.7	NA
IT	1989	76.6	NA
IT	1988	76.2	NA
IT	1987	76.1	NA
IT	1986	75.6	NA
IT	1985	75.3	NA
IT	1984	NA	NA
IT	1983	NA	NA
IT	1982	NA	NA
IT	1981	NA	NA
IT	1980	NA	NA
IT	1979	NA	NA
IT	1978	NA	NA
IT	1977	NA	NA
IT	1976	NA	NA
IT	1975	NA	NA
IT	1974	NA	NA
IT	1973	NA	NA
IT	1972	NA	NA
IT	1971	NA	NA
IT	1970	NA	NA
IT	1969	NA	NA
IT	1968	NA	NA
IT	1967	NA	NA
IT	1966	NA	NA
IT	1965	NA	NA
IT	1964	NA	NA
IT	1963	NA	NA
IT	1962	NA	NA
IT	1961	NA	NA
IT	1960	NA	NA
LI	2018	NA	NA
LI	2017	82.7	NA
LI	2016	81.5	NA
LI	2015	82.2	NA
LI	2014	81.4	NA
LI	2013	81.9	NA
LI	2012	82.2	NA
LI	2011	81.2	NA
LI	2010	81	NA
LI	2009	80.9	NA
LI	2008	81.9	NA
LI	2007	80.4	NA
LI	2006	80.5	NA
LI	2005	79.9	NA
LI	2004	81.2	NA
LI	2003	79.3	NA
LI	2002	79	NA
LI	2001	78.3	NA
LI	2000	76.8	NA
LI	1999	79.1	NA
LI	1998	77.5	NA
LI	1997	76.8	NA
LI	1996	76.3	NA
LI	1995	76.5	NA
LI	1994	78.1	NA
LI	1993	NA	NA
LI	1992	NA	NA
LI	1991	NA	NA
LI	1990	NA	NA
LI	1989	NA	NA
LI	1988	NA	NA
LI	1987	NA	NA
LI	1986	NA	NA
LI	1985	NA	NA
LI	1984	NA	NA
LI	1983	NA	NA
LI	1982	NA	NA
LI	1981	NA	NA
LI	1980	NA	NA
LI	1979	NA	NA
LI	1978	NA	NA
LI	1977	NA	NA
LI	1976	NA	NA
LI	1975	NA	NA
LI	1974	NA	NA
LI	1973	NA	NA
LI	1972	NA	NA
LI	1971	NA	NA
LI	1970	NA	NA
LI	1969	NA	NA
LI	1968	NA	NA
LI	1967	NA	NA
LI	1966	NA	NA
LI	1965	NA	NA
LI	1964	NA	NA
LI	1963	NA	NA
LI	1962	NA	NA
LI	1961	NA	NA
LI	1960	NA	NA
LT	2018	NA	13310
LT	2017	75	12720
LT	2016	74.3	12040
LT	2015	73.9	11590
LT	2014	74	11250
LT	2013	73.4	10780
LT	2012	73.4	10300
LT	2011	73.1	9790
LT	2010	72.6	9030
LT	2009	72.4	8710
LT	2008	71.1	10110
LT	2007	70.2	9750
LT	2006	70.5	8670
LT	2005	70.7	7950
LT	2004	71.5	7260
LT	2003	71.5	6740
LT	2002	71.3	6050
LT	2001	71.2	5620
LT	2000	71.7	5230
LT	1999	71.4	NA
LT	1998	71	NA
LT	1997	70.8	NA
LT	1996	70	NA
LT	1995	68.9	NA
LT	1994	68.5	NA
LT	1993	69	NA
LT	1992	70.6	NA
LT	1991	70.6	NA
LT	1990	71.2	NA
LT	1989	71.5	NA
LT	1988	71.9	NA
LT	1987	72	NA
LT	1986	72.1	NA
LT	1985	70.6	NA
LT	1984	70.3	NA
LT	1983	70.8	NA
LT	1982	70.9	NA
LT	1981	70.6	NA
LT	1980	70.6	NA
LT	1979	70.8	NA
LT	1978	71.1	NA
LT	1977	71.2	NA
LT	1976	71.4	NA
LT	1975	71.5	NA
LT	1974	71.9	NA
LT	1973	71.8	NA
LT	1972	71.5	NA
LT	1971	72.1	NA
LT	1970	71.5	NA
LT	1969	NA	NA
LT	1968	NA	NA
LT	1967	NA	NA
LT	1966	NA	NA
LT	1965	NA	NA
LT	1964	NA	NA
LT	1963	NA	NA
LT	1962	NA	NA
LT	1961	NA	NA
LT	1960	NA	NA
LU	2018	NA	83470
LU	2017	81.4	82550
LU	2016	82	82880
LU	2015	81.6	81300
LU	2014	81.5	79490
LU	2013	81.2	78030
LU	2012	80.7	77240
LU	2011	80.4	79310
LU	2010	80.1	79160
LU	2009	80	76900
LU	2008	79.8	81880
LU	2007	78.7	84420
LU	2006	78.6	79190
LU	2005	78.8	76460
LU	2004	78.6	75270
LU	2003	77.2	73650
LU	2002	77.5	73380
LU	2001	77.5	71440
LU	2000	77.4	70460
LU	1999	77.4	NA
LU	1998	76.7	NA
LU	1997	76.5	NA
LU	1996	76.2	NA
LU	1995	76.2	NA
LU	1994	76.1	NA
LU	1993	75.4	NA
LU	1992	75	NA
LU	1991	75.4	NA
LU	1990	75.2	NA
LU	1989	74.6	NA
LU	1988	74.7	NA
LU	1987	74	NA
LU	1986	74.3	NA
LU	1985	73.5	NA
LU	1984	73.2	NA
LU	1983	73.3	NA
LU	1982	72.5	NA
LU	1981	72.6	NA
LU	1980	72.7	NA
LU	1979	72.7	NA
LU	1978	71.8	NA
LU	1977	71.9	NA
LU	1976	71	NA
LU	1975	70.8	NA
LU	1974	70.7	NA
LU	1973	70.7	NA
LU	1972	70.8	NA
LU	1971	70.1	NA
LU	1970	NA	NA
LU	1969	NA	NA
LU	1968	NA	NA
LU	1967	NA	NA
LU	1966	NA	NA
LU	1965	NA	NA
LU	1964	NA	NA
LU	1963	NA	NA
LU	1962	NA	NA
LU	1961	NA	NA
LU	1960	NA	NA
LV	2018	NA	12140
LV	2017	74.2	11560
LV	2016	74.1	11030
LV	2015	74.1	10740
LV	2014	73.7	10310
LV	2013	73.7	10030
LV	2012	73.6	9700
LV	2011	73.4	9200
LV	2010	72.5	8500
LV	2009	72.3	8710
LV	2008	71.6	9990
LV	2007	70.4	10220
LV	2006	70.1	9220
LV	2005	70.2	8170
LV	2004	70.6	7290
LV	2003	70.3	6660
LV	2002	69.9	6080
LV	2001	NA	5610
LV	2000	NA	5210
LV	1999	NA	NA
LV	1998	NA	NA
LV	1997	NA	NA
LV	1996	NA	NA
LV	1995	NA	NA
LV	1994	NA	NA
LV	1993	NA	NA
LV	1992	NA	NA
LV	1991	NA	NA
LV	1990	NA	NA
LV	1989	NA	NA
LV	1988	NA	NA
LV	1987	NA	NA
LV	1986	NA	NA
LV	1985	NA	NA
LV	1984	NA	NA
LV	1983	NA	NA
LV	1982	NA	NA
LV	1981	NA	NA
LV	1980	NA	NA
LV	1979	NA	NA
LV	1978	NA	NA
LV	1977	NA	NA
LV	1976	NA	NA
LV	1975	NA	NA
LV	1974	NA	NA
LV	1973	NA	NA
LV	1972	NA	NA
LV	1971	NA	NA
LV	1970	NA	NA
LV	1969	NA	NA
LV	1968	NA	NA
LV	1967	NA	NA
LV	1966	NA	NA
LV	1965	NA	NA
LV	1964	NA	NA
LV	1963	NA	NA
LV	1962	NA	NA
LV	1961	NA	NA
LV	1960	NA	NA
MD	2018	NA	NA
MD	2017	NA	NA
MD	2016	NA	NA
MD	2015	NA	NA
MD	2014	NA	NA
MD	2013	NA	NA
MD	2012	70.7	NA
MD	2011	70.7	NA
MD	2010	69	NA
MD	2009	69.3	NA
MD	2008	69.2	NA
MD	2007	68.7	NA
MD	2006	68.3	NA
MD	2005	NA	NA
MD	2004	NA	NA
MD	2003	NA	NA
MD	2002	NA	NA
MD	2001	NA	NA
MD	2000	NA	NA
MD	1999	NA	NA
MD	1998	NA	NA
MD	1997	NA	NA
MD	1996	NA	NA
MD	1995	NA	NA
MD	1994	NA	NA
MD	1993	NA	NA
MD	1992	NA	NA
MD	1991	NA	NA
MD	1990	NA	NA
MD	1989	NA	NA
MD	1988	NA	NA
MD	1987	NA	NA
MD	1986	NA	NA
MD	1985	NA	NA
MD	1984	NA	NA
MD	1983	NA	NA
MD	1982	NA	NA
MD	1981	NA	NA
MD	1980	NA	NA
MD	1979	NA	NA
MD	1978	NA	NA
MD	1977	NA	NA
MD	1976	NA	NA
MD	1975	NA	NA
MD	1974	NA	NA
MD	1973	NA	NA
MD	1972	NA	NA
MD	1971	NA	NA
MD	1970	NA	NA
MD	1969	NA	NA
MD	1968	NA	NA
MD	1967	NA	NA
MD	1966	NA	NA
MD	1965	NA	NA
MD	1964	NA	NA
MD	1963	NA	NA
MD	1962	NA	NA
MD	1961	NA	NA
MD	1960	NA	NA
ME	2018	NA	6230
ME	2017	75.7	5920
ME	2016	75.8	5660
ME	2015	75.7	5500
ME	2014	75.9	5320
ME	2013	75.8	5230
ME	2012	75.6	5060
ME	2011	75.4	5200
ME	2010	75.5	5050
ME	2009	74.6	4920
ME	2008	74.7	5230
ME	2007	74	4890
ME	2006	73.7	NA
ME	2005	73.6	NA
ME	2004	NA	NA
ME	2003	NA	NA
ME	2002	NA	NA
ME	2001	NA	NA
ME	2000	NA	NA
ME	1999	NA	NA
ME	1998	NA	NA
ME	1997	NA	NA
ME	1996	NA	NA
ME	1995	NA	NA
ME	1994	NA	NA
ME	1993	NA	NA
ME	1992	NA	NA
ME	1991	NA	NA
ME	1990	NA	NA
ME	1989	NA	NA
ME	1988	NA	NA
ME	1987	NA	NA
ME	1986	NA	NA
ME	1985	NA	NA
ME	1984	NA	NA
ME	1983	NA	NA
ME	1982	NA	NA
ME	1981	NA	NA
ME	1980	NA	NA
ME	1979	NA	NA
ME	1978	NA	NA
ME	1977	NA	NA
ME	1976	NA	NA
ME	1975	NA	NA
ME	1974	NA	NA
ME	1973	NA	NA
ME	1972	NA	NA
ME	1971	NA	NA
ME	1970	NA	NA
ME	1969	NA	NA
ME	1968	NA	NA
ME	1967	NA	NA
ME	1966	NA	NA
ME	1965	NA	NA
ME	1964	NA	NA
ME	1963	NA	NA
ME	1962	NA	NA
ME	1961	NA	NA
ME	1960	NA	NA
MK	2018	NA	NA
MK	2017	75.7	4020
MK	2016	75.3	3980
MK	2015	75.1	3870
MK	2014	75.2	3740
MK	2013	75.2	3610
MK	2012	74.7	3510
MK	2011	74.7	3530
MK	2010	74.6	3460
MK	2009	74.3	3350
MK	2008	74.2	3370
MK	2007	73.5	3200
MK	2006	73.8	3010
MK	2005	73.7	2870
MK	2004	73.6	2750
MK	2003	73.2	2630
MK	2002	72.9	2580
MK	2001	73.4	2530
MK	2000	73	2620
MK	1999	73	NA
MK	1998	72.6	NA
MK	1997	72.7	NA
MK	1996	72.7	NA
MK	1995	72.5	NA
MK	1994	72.5	NA
MK	1993	NA	NA
MK	1992	NA	NA
MK	1991	NA	NA
MK	1990	NA	NA
MK	1989	NA	NA
MK	1988	NA	NA
MK	1987	NA	NA
MK	1986	NA	NA
MK	1985	NA	NA
MK	1984	NA	NA
MK	1983	NA	NA
MK	1982	NA	NA
MK	1981	NA	NA
MK	1980	NA	NA
MK	1979	NA	NA
MK	1978	NA	NA
MK	1977	NA	NA
MK	1976	NA	NA
MK	1975	NA	NA
MK	1974	NA	NA
MK	1973	NA	NA
MK	1972	NA	NA
MK	1971	NA	NA
MK	1970	NA	NA
MK	1969	NA	NA
MK	1968	NA	NA
MK	1967	NA	NA
MK	1966	NA	NA
MK	1965	NA	NA
MK	1964	NA	NA
MK	1963	NA	NA
MK	1962	NA	NA
MK	1961	NA	NA
MK	1960	NA	NA
MT	2018	NA	21670
MT	2017	81.9	20910
MT	2016	82.2	20190
MT	2015	81.5	19520
MT	2014	81.5	18030
MT	2013	81.4	16920
MT	2012	80.3	16370
MT	2011	80.4	16070
MT	2010	80.9	15920
MT	2009	79.8	15450
MT	2008	79.4	15960
MT	2007	79.5	15550
MT	2006	78.8	15000
MT	2005	78.9	14790
MT	2004	78.8	14340
MT	2003	78.1	14370
MT	2002	78.3	14110
MT	2001	78.2	13800
MT	2000	77.9	13830
MT	1999	77.2	NA
MT	1998	77.3	NA
MT	1997	77.4	NA
MT	1996	77.5	NA
MT	1995	77.2	NA
MT	1994	NA	NA
MT	1993	NA	NA
MT	1992	NA	NA
MT	1991	NA	NA
MT	1990	NA	NA
MT	1989	NA	NA
MT	1988	NA	NA
MT	1987	NA	NA
MT	1986	NA	NA
MT	1985	NA	NA
MT	1984	NA	NA
MT	1983	NA	NA
MT	1982	NA	NA
MT	1981	71.2	NA
MT	1980	70.5	NA
MT	1979	71.6	NA
MT	1978	70.2	NA
MT	1977	71.5	NA
MT	1976	NA	NA
MT	1975	NA	NA
MT	1974	NA	NA
MT	1973	NA	NA
MT	1972	NA	NA
MT	1971	NA	NA
MT	1970	NA	NA
MT	1969	NA	NA
MT	1968	NA	NA
MT	1967	NA	NA
MT	1966	NA	NA
MT	1965	NA	NA
MT	1964	NA	NA
MT	1963	NA	NA
MT	1962	NA	NA
MT	1961	NA	NA
MT	1960	NA	NA
NL	2018	NA	41540
NL	2017	81.1	40730
NL	2016	81	39810
NL	2015	80.9	39170
NL	2014	81.1	38580
NL	2013	80.7	38180
NL	2012	80.5	38340
NL	2011	80.6	38880
NL	2010	80.3	38470
NL	2009	80.2	38160
NL	2008	79.8	39810
NL	2007	79.7	39120
NL	2006	79.3	37780
NL	2005	79	36570
NL	2004	78.7	35920
NL	2003	78.1	35350
NL	2002	77.8	35460
NL	2001	77.8	35610
NL	2000	77.6	35060
NL	1999	77.4	NA
NL	1998	77.5	NA
NL	1997	77.4	NA
NL	1996	77.1	NA
NL	1995	77	NA
NL	1994	77	NA
NL	1993	76.6	NA
NL	1992	76.9	NA
NL	1991	76.7	NA
NL	1990	76.6	NA
NL	1989	76.4	NA
NL	1988	76.6	NA
NL	1987	76.5	NA
NL	1986	76	NA
NL	1985	76.1	NA
NL	1984	NA	NA
NL	1983	NA	NA
NL	1982	NA	NA
NL	1981	NA	NA
NL	1980	NA	NA
NL	1979	NA	NA
NL	1978	NA	NA
NL	1977	NA	NA
NL	1976	NA	NA
NL	1975	NA	NA
NL	1974	NA	NA
NL	1973	NA	NA
NL	1972	NA	NA
NL	1971	NA	NA
NL	1970	NA	NA
NL	1969	NA	NA
NL	1968	NA	NA
NL	1967	NA	NA
NL	1966	NA	NA
NL	1965	NA	NA
NL	1964	NA	NA
NL	1963	NA	NA
NL	1962	NA	NA
NL	1961	NA	NA
NL	1960	NA	NA
NO	2018	NA	69530
NO	2017	81.9	69130
NO	2016	81.6	68090
NO	2015	81.5	67950
NO	2014	81.4	67340
NO	2013	81	66780
NO	2012	80.7	66900
NO	2011	80.6	66010
NO	2010	80.4	66220
NO	2009	80.3	66580
NO	2008	80.1	68610
NO	2007	79.9	69140
NO	2006	79.9	67830
NO	2005	79.6	66780
NO	2004	79.4	65510
NO	2003	78.9	63380
NO	2002	78.3	63190
NO	2001	78.3	62620
NO	2000	78.1	61660
NO	1999	77.7	NA
NO	1998	77.8	NA
NO	1997	77.6	NA
NO	1996	77.6	NA
NO	1995	77.2	NA
NO	1994	77.3	NA
NO	1993	76.6	NA
NO	1992	76.8	NA
NO	1991	76.6	NA
NO	1990	76.2	NA
NO	1989	76.2	NA
NO	1988	76	NA
NO	1987	75.8	NA
NO	1986	76	NA
NO	1985	75.7	NA
NO	1984	76	NA
NO	1983	75.8	NA
NO	1982	75.7	NA
NO	1981	75.5	NA
NO	1980	75.4	NA
NO	1979	75.2	NA
NO	1978	75.2	NA
NO	1977	75.2	NA
NO	1976	74.9	NA
NO	1975	74.7	NA
NO	1974	74.6	NA
NO	1973	74.4	NA
NO	1972	74.3	NA
NO	1971	74.2	NA
NO	1970	74.1	NA
NO	1969	73.8	NA
NO	1968	74	NA
NO	1967	74.2	NA
NO	1966	74.1	NA
NO	1965	74.1	NA
NO	1964	74	NA
NO	1963	73.4	NA
NO	1962	73.8	NA
NO	1961	73.9	NA
NO	1960	73.9	NA
PL	2018	NA	NA
PL	2017	77.2	11820
PL	2016	77.3	11260
PL	2015	76.9	10920
PL	2014	77.1	10510
PL	2013	76.5	10170
PL	2012	76.2	10020
PL	2011	76.2	9860
PL	2010	75.8	9390
PL	2009	75.3	9070
PL	2008	75.1	8910
PL	2007	74.8	8550
PL	2006	74.8	7980
PL	2005	74.5	7510
PL	2004	74.4	7250
PL	2003	74.2	6900
PL	2002	74.1	6650
PL	2001	73.8	6520
PL	2000	73.4	6440
PL	1999	72.8	NA
PL	1998	72.8	NA
PL	1997	72.4	NA
PL	1996	72.2	NA
PL	1995	71.9	NA
PL	1994	71.8	NA
PL	1993	71.6	NA
PL	1992	71.2	NA
PL	1991	70.7	NA
PL	1990	71.1	NA
PL	1989	NA	NA
PL	1988	NA	NA
PL	1987	NA	NA
PL	1986	NA	NA
PL	1985	NA	NA
PL	1984	NA	NA
PL	1983	NA	NA
PL	1982	NA	NA
PL	1981	NA	NA
PL	1980	NA	NA
PL	1979	NA	NA
PL	1978	NA	NA
PL	1977	NA	NA
PL	1976	NA	NA
PL	1975	NA	NA
PL	1974	NA	NA
PL	1973	NA	NA
PL	1972	NA	NA
PL	1971	NA	NA
PL	1970	NA	NA
PL	1969	NA	NA
PL	1968	NA	NA
PL	1967	NA	NA
PL	1966	NA	NA
PL	1965	NA	NA
PL	1964	NA	NA
PL	1963	NA	NA
PL	1962	NA	NA
PL	1961	NA	NA
PL	1960	NA	NA
PT	2018	NA	18150
PT	2017	80.8	17650
PT	2016	80.6	17010
PT	2015	80.5	16620
PT	2014	80.6	16260
PT	2013	80.1	16050
PT	2012	79.8	16110
PT	2011	79.9	16720
PT	2010	79.3	16990
PT	2009	79	16710
PT	2008	78.8	17260
PT	2007	78.5	17230
PT	2006	78.3	16840
PT	2005	77.5	16600
PT	2004	77.7	16500
PT	2003	76.8	16250
PT	2002	76.8	16470
PT	2001	76.6	16430
PT	2000	76.3	16230
PT	1999	75.7	NA
PT	1998	75.5	NA
PT	1997	75.3	NA
PT	1996	74.8	NA
PT	1995	74.9	NA
PT	1994	75.1	NA
PT	1993	74.2	NA
PT	1992	74.4	NA
PT	1991	73.9	NA
PT	1990	73.9	NA
PT	1989	74.3	NA
PT	1988	73.8	NA
PT	1987	73.9	NA
PT	1986	73.6	NA
PT	1985	73.2	NA
PT	1984	72.9	NA
PT	1983	72.8	NA
PT	1982	73	NA
PT	1981	72.4	NA
PT	1980	72.3	NA
PT	1979	72.2	NA
PT	1978	71.6	NA
PT	1977	71.3	NA
PT	1976	70.4	NA
PT	1975	70.2	NA
PT	1974	69.9	NA
PT	1973	69.8	NA
PT	1972	70.4	NA
PT	1971	69.4	NA
PT	1970	70.2	NA
PT	1969	69.1	NA
PT	1968	69.8	NA
PT	1967	69.4	NA
PT	1966	68.9	NA
PT	1965	69.4	NA
PT	1964	69	NA
PT	1963	68.9	NA
PT	1962	68.8	NA
PT	1961	68.1	NA
PT	1960	68.7	NA
RO	2018	NA	8740
RO	2017	74.8	8320
RO	2016	74.8	7720
RO	2015	74.5	7320
RO	2014	74.6	7020
RO	2013	74.8	6760
RO	2012	74.2	6510
RO	2011	74.2	6350
RO	2010	73.5	6190
RO	2009	73.5	6410
RO	2008	73.4	6730
RO	2007	73	6050
RO	2006	72.5	5560
RO	2005	72	5120
RO	2004	71.6	4860
RO	2003	71.2	4370
RO	2002	71.1	4250
RO	2001	71.4	NA
RO	2000	71.5	NA
RO	1999	70.9	NA
RO	1998	70.4	NA
RO	1997	69.7	NA
RO	1996	69.4	NA
RO	1995	69.8	NA
RO	1994	70	NA
RO	1993	70.2	NA
RO	1992	70.2	NA
RO	1991	70.6	NA
RO	1990	70.6	NA
RO	1989	70.5	NA
RO	1988	70.2	NA
RO	1987	70.1	NA
RO	1986	70.4	NA
RO	1985	70.2	NA
RO	1984	70.6	NA
RO	1983	70.4	NA
RO	1982	70.7	NA
RO	1981	70.5	NA
RO	1980	70.3	NA
RO	1979	70.7	NA
RO	1978	71	NA
RO	1977	71	NA
RO	1976	71.2	NA
RO	1975	71.3	NA
RO	1974	71.3	NA
RO	1973	70.5	NA
RO	1972	71	NA
RO	1971	70.6	NA
RO	1970	70.5	NA
RO	1969	70.1	NA
RO	1968	71.1	NA
RO	1967	NA	NA
RO	1966	NA	NA
RO	1965	NA	NA
RO	1964	NA	NA
RO	1963	NA	NA
RO	1962	NA	NA
RO	1961	NA	NA
RO	1960	NA	NA
RS	2018	NA	5190
RS	2017	75	4950
RS	2016	75.2	4820
RS	2015	74.7	4640
RS	2014	74.8	4540
RS	2013	74.7	4590
RS	2012	74.4	4440
RS	2011	74.1	4450
RS	2010	73.9	4330
RS	2009	73.6	4280
RS	2008	73.4	4380
RS	2007	73.2	4130
RS	2006	73	3860
RS	2005	72.4	3660
RS	2004	72.3	3460
RS	2003	72.2	3160
RS	2002	72.1	3020
RS	2001	72.1	2840
RS	2000	71.4	2650
RS	1999	NA	NA
RS	1998	NA	NA
RS	1997	NA	NA
RS	1996	NA	NA
RS	1995	NA	NA
RS	1994	NA	NA
RS	1993	NA	NA
RS	1992	NA	NA
RS	1991	NA	NA
RS	1990	NA	NA
RS	1989	NA	NA
RS	1988	NA	NA
RS	1987	NA	NA
RS	1986	NA	NA
RS	1985	NA	NA
RS	1984	NA	NA
RS	1983	NA	NA
RS	1982	NA	NA
RS	1981	NA	NA
RS	1980	NA	NA
RS	1979	NA	NA
RS	1978	NA	NA
RS	1977	NA	NA
RS	1976	NA	NA
RS	1975	NA	NA
RS	1974	NA	NA
RS	1973	NA	NA
RS	1972	NA	NA
RS	1971	NA	NA
RS	1970	NA	NA
RS	1969	NA	NA
RS	1968	NA	NA
RS	1967	NA	NA
RS	1966	NA	NA
RS	1965	NA	NA
RS	1964	NA	NA
RS	1963	NA	NA
RS	1962	NA	NA
RS	1961	NA	NA
RS	1960	NA	NA
RU	2018	NA	NA
RU	2017	NA	NA
RU	2016	NA	NA
RU	2015	NA	NA
RU	2014	NA	NA
RU	2013	NA	NA
RU	2012	NA	NA
RU	2011	NA	NA
RU	2010	68.5	NA
RU	2009	68.3	NA
RU	2008	67.5	NA
RU	2007	67.2	NA
RU	2006	66.3	NA
RU	2005	NA	NA
RU	2004	NA	NA
RU	2003	NA	NA
RU	2002	NA	NA
RU	2001	NA	NA
RU	2000	NA	NA
RU	1999	NA	NA
RU	1998	NA	NA
RU	1997	NA	NA
RU	1996	NA	NA
RU	1995	NA	NA
RU	1994	NA	NA
RU	1993	NA	NA
RU	1992	NA	NA
RU	1991	NA	NA
RU	1990	NA	NA
RU	1989	NA	NA
RU	1988	NA	NA
RU	1987	NA	NA
RU	1986	NA	NA
RU	1985	NA	NA
RU	1984	NA	NA
RU	1983	NA	NA
RU	1982	NA	NA
RU	1981	NA	NA
RU	1980	NA	NA
RU	1979	NA	NA
RU	1978	NA	NA
RU	1977	NA	NA
RU	1976	NA	NA
RU	1975	NA	NA
RU	1974	NA	NA
RU	1973	NA	NA
RU	1972	NA	NA
RU	1971	NA	NA
RU	1970	NA	NA
RU	1969	NA	NA
RU	1968	NA	NA
RU	1967	NA	NA
RU	1966	NA	NA
RU	1965	NA	NA
RU	1964	NA	NA
RU	1963	NA	NA
RU	1962	NA	NA
RU	1961	NA	NA
RU	1960	NA	NA
SE	2018	NA	43810
SE	2017	81.7	43350
SE	2016	81.6	42910
SE	2015	81.4	42430
SE	2014	81.5	41060
SE	2013	81.2	40360
SE	2012	81	40270
SE	2011	81	40820
SE	2010	80.9	39920
SE	2009	80.7	37910
SE	2008	80.5	39930
SE	2007	80.3	40340
SE	2006	80.2	39290
SE	2005	79.9	37770
SE	2004	79.9	36860
SE	2003	79.5	35470
SE	2002	79.3	34820
SE	2001	79.2	34180
SE	2000	79	33780
SE	1999	78.9	NA
SE	1998	78.8	NA
SE	1997	78.7	NA
SE	1996	78.5	NA
SE	1995	78.3	NA
SE	1994	78.2	NA
SE	1993	77.6	NA
SE	1992	77.6	NA
SE	1991	77.3	NA
SE	1990	77.2	NA
SE	1989	77.2	NA
SE	1988	76.5	NA
SE	1987	76.7	NA
SE	1986	76.5	NA
SE	1985	76.3	NA
SE	1984	76.4	NA
SE	1983	76.2	NA
SE	1982	76	NA
SE	1981	75.6	NA
SE	1980	75.3	NA
SE	1979	75.2	NA
SE	1978	75.1	NA
SE	1977	75.1	NA
SE	1976	74.6	NA
SE	1975	74.7	NA
SE	1974	74.7	NA
SE	1973	74.6	NA
SE	1972	74.6	NA
SE	1971	74.5	NA
SE	1970	74.6	NA
SE	1969	74	NA
SE	1968	74	NA
SE	1967	NA	NA
SE	1966	NA	NA
SE	1965	NA	NA
SE	1964	NA	NA
SE	1963	NA	NA
SE	1962	NA	NA
SE	1961	NA	NA
SE	1960	NA	NA
SI	2018	NA	20170
SI	2017	80.4	19430
SI	2016	80.4	18540
SI	2015	80	17990
SI	2014	80.4	17620
SI	2013	79.7	17160
SI	2012	79.4	17360
SI	2011	79.4	17870
SI	2010	79	17750
SI	2009	78.5	17570
SI	2008	78.3	19190
SI	2007	77.6	18570
SI	2006	77.5	17460
SI	2005	76.8	16570
SI	2004	76.5	15990
SI	2003	75.7	15330
SI	2002	75.9	14900
SI	2001	75.7	14410
SI	2000	75.5	13980
SI	1999	75	NA
SI	1998	74.7	NA
SI	1997	74.6	NA
SI	1996	74.5	NA
SI	1995	74.1	NA
SI	1994	73.5	NA
SI	1993	73.1	NA
SI	1992	73.3	NA
SI	1991	73.2	NA
SI	1990	73.5	NA
SI	1989	73.1	NA
SI	1988	72.8	NA
SI	1987	72.2	NA
SI	1986	72.4	NA
SI	1985	71.9	NA
SI	1984	71.4	NA
SI	1983	71	NA
SI	1982	71.2	NA
SI	1981	NA	NA
SI	1980	NA	NA
SI	1979	NA	NA
SI	1978	NA	NA
SI	1977	NA	NA
SI	1976	NA	NA
SI	1975	NA	NA
SI	1974	NA	NA
SI	1973	NA	NA
SI	1972	NA	NA
SI	1971	NA	NA
SI	1970	NA	NA
SI	1969	NA	NA
SI	1968	NA	NA
SI	1967	NA	NA
SI	1966	NA	NA
SI	1965	NA	NA
SI	1964	NA	NA
SI	1963	NA	NA
SI	1962	NA	NA
SI	1961	NA	NA
SI	1960	NA	NA
SK	2018	NA	15560
SK	2017	76.7	14970
SK	2016	76.7	14550
SK	2015	76.1	14270
SK	2014	76.4	13620
SK	2013	76	13270
SK	2012	75.7	13200
SK	2011	75.5	12980
SK	2010	75	12540
SK	2009	74.8	11890
SK	2008	74.4	12600
SK	2007	74	11960
SK	2006	73.9	10800
SK	2005	73.7	9960
SK	2004	73.7	9350
SK	2003	73.4	8890
SK	2002	73.3	8420
SK	2001	73.1	8060
SK	2000	72.9	7780
SK	1999	72.8	NA
SK	1998	72.4	NA
SK	1997	72.5	NA
SK	1996	72.7	NA
SK	1995	72.2	NA
SK	1994	72.2	NA
SK	1993	71.7	NA
SK	1992	71.4	NA
SK	1991	71	NA
SK	1990	70.9	NA
SK	1989	71.1	NA
SK	1988	71.3	NA
SK	1987	71.3	NA
SK	1986	71.1	NA
SK	1985	71	NA
SK	1984	71.1	NA
SK	1983	70.8	NA
SK	1982	71.2	NA
SK	1981	71.1	NA
SK	1980	70.9	NA
SK	1979	71.3	NA
SK	1978	71	NA
SK	1977	71	NA
SK	1976	71.3	NA
SK	1975	71	NA
SK	1974	70.9	NA
SK	1973	70.9	NA
SK	1972	71.2	NA
SK	1971	70.6	NA
SK	1970	70.6	NA
SK	1969	70.9	NA
SK	1968	71.3	NA
SK	1967	71.9	NA
SK	1966	71.5	NA
SK	1965	71.4	NA
SK	1964	72.1	NA
SK	1963	71.7	NA
SK	1962	71.2	NA
SK	1961	71.9	NA
SK	1960	71.4	NA
SM	2018	NA	NA
SM	2017	NA	NA
SM	2016	NA	NA
SM	2015	NA	NA
SM	2014	NA	NA
SM	2013	NA	NA
SM	2012	84.6	NA
SM	2011	NA	NA
SM	2010	NA	NA
SM	2009	NA	NA
SM	2008	NA	NA
SM	2007	NA	NA
SM	2006	NA	NA
SM	2005	NA	NA
SM	2004	NA	NA
SM	2003	NA	NA
SM	2002	NA	NA
SM	2001	NA	NA
SM	2000	NA	NA
SM	1999	NA	NA
SM	1998	NA	NA
SM	1997	NA	NA
SM	1996	NA	NA
SM	1995	NA	NA
SM	1994	NA	NA
SM	1993	NA	NA
SM	1992	NA	NA
SM	1991	NA	NA
SM	1990	NA	NA
SM	1989	NA	NA
SM	1988	NA	NA
SM	1987	NA	NA
SM	1986	NA	NA
SM	1985	NA	NA
SM	1984	NA	NA
SM	1983	NA	NA
SM	1982	NA	NA
SM	1981	NA	NA
SM	1980	NA	NA
SM	1979	NA	NA
SM	1978	NA	NA
SM	1977	NA	NA
SM	1976	NA	NA
SM	1975	NA	NA
SM	1974	NA	NA
SM	1973	NA	NA
SM	1972	NA	NA
SM	1971	NA	NA
SM	1970	NA	NA
SM	1969	NA	NA
SM	1968	NA	NA
SM	1967	NA	NA
SM	1966	NA	NA
SM	1965	NA	NA
SM	1964	NA	NA
SM	1963	NA	NA
SM	1962	NA	NA
SM	1961	NA	NA
SM	1960	NA	NA
TR	2018	NA	NA
TR	2017	78.2	NA
TR	2016	77.9	NA
TR	2015	78	NA
TR	2014	78.1	NA
TR	2013	78.1	NA
TR	2012	77.6	NA
TR	2011	77	NA
TR	2010	76.8	NA
TR	2009	76.1	NA
TR	2008	NA	NA
TR	2007	NA	NA
TR	2006	NA	NA
TR	2005	NA	NA
TR	2004	NA	NA
TR	2003	NA	NA
TR	2002	NA	NA
TR	2001	NA	NA
TR	2000	NA	NA
TR	1999	NA	NA
TR	1998	NA	NA
TR	1997	NA	NA
TR	1996	NA	NA
TR	1995	NA	NA
TR	1994	NA	NA
TR	1993	NA	NA
TR	1992	NA	NA
TR	1991	NA	NA
TR	1990	NA	NA
TR	1989	NA	NA
TR	1988	NA	NA
TR	1987	NA	NA
TR	1986	NA	NA
TR	1985	NA	NA
TR	1984	NA	NA
TR	1983	NA	NA
TR	1982	NA	NA
TR	1981	NA	NA
TR	1980	NA	NA
TR	1979	NA	NA
TR	1978	NA	NA
TR	1977	NA	NA
TR	1976	NA	NA
TR	1975	NA	NA
TR	1974	NA	NA
TR	1973	NA	NA
TR	1972	NA	NA
TR	1971	NA	NA
TR	1970	NA	NA
TR	1969	NA	NA
TR	1968	NA	NA
TR	1967	NA	NA
TR	1966	NA	NA
TR	1965	NA	NA
TR	1964	NA	NA
TR	1963	NA	NA
TR	1962	NA	NA
TR	1961	NA	NA
TR	1960	NA	NA
UA	2018	NA	NA
UA	2017	72.8	NA
UA	2016	NA	NA
UA	2015	72.1	NA
UA	2014	71.3	NA
UA	2013	NA	NA
UA	2012	70.8	NA
UA	2011	70.7	NA
UA	2010	70	NA
UA	2009	NA	NA
UA	2008	67.7	NA
UA	2007	67.4	NA
UA	2006	67.6	NA
UA	2005	NA	NA
UA	2004	NA	NA
UA	2003	NA	NA
UA	2002	NA	NA
UA	2001	NA	NA
UA	2000	NA	NA
UA	1999	NA	NA
UA	1998	NA	NA
UA	1997	NA	NA
UA	1996	NA	NA
UA	1995	NA	NA
UA	1994	NA	NA
UA	1993	NA	NA
UA	1992	NA	NA
UA	1991	NA	NA
UA	1990	NA	NA
UA	1989	NA	NA
UA	1988	NA	NA
UA	1987	NA	NA
UA	1986	NA	NA
UA	1985	NA	NA
UA	1984	NA	NA
UA	1983	NA	NA
UA	1982	NA	NA
UA	1981	NA	NA
UA	1980	NA	NA
UA	1979	NA	NA
UA	1978	NA	NA
UA	1977	NA	NA
UA	1976	NA	NA
UA	1975	NA	NA
UA	1974	NA	NA
UA	1973	NA	NA
UA	1972	NA	NA
UA	1971	NA	NA
UA	1970	NA	NA
UA	1969	NA	NA
UA	1968	NA	NA
UA	1967	NA	NA
UA	1966	NA	NA
UA	1965	NA	NA
UA	1964	NA	NA
UA	1963	NA	NA
UA	1962	NA	NA
UA	1961	NA	NA
UA	1960	NA	NA
UK	2018	NA	32700
UK	2017	80.6	32460
UK	2016	80.6	32050
UK	2015	80.3	31700
UK	2014	80.7	31220
UK	2013	80.4	30660
UK	2012	80.3	30200
UK	2011	80.4	29960
UK	2010	80	29750
UK	2009	79.8	29420
UK	2008	79.2	30940
UK	2007	79.1	31280
UK	2006	78.9	30790
UK	2005	78.6	30160
UK	2004	78.4	29460
UK	2003	77.8	28920
UK	2002	77.7	28130
UK	2001	77.7	27610
UK	2000	77.4	26920
UK	1999	76.9	NA
UK	1998	76.8	NA
UK	1997	76.7	NA
UK	1996	76.4	NA
UK	1995	76.2	NA
UK	1994	76.3	NA
UK	1993	75.7	NA
UK	1992	NA	NA
UK	1991	NA	NA
UK	1990	NA	NA
UK	1989	NA	NA
UK	1988	NA	NA
UK	1987	NA	NA
UK	1986	NA	NA
UK	1985	NA	NA
UK	1984	NA	NA
UK	1983	NA	NA
UK	1982	NA	NA
UK	1981	NA	NA
UK	1980	NA	NA
UK	1979	NA	NA
UK	1978	NA	NA
UK	1977	NA	NA
UK	1976	NA	NA
UK	1975	NA	NA
UK	1974	NA	NA
UK	1973	NA	NA
UK	1972	NA	NA
UK	1971	NA	NA
UK	1970	NA	NA
UK	1969	NA	NA
UK	1968	NA	NA
UK	1967	NA	NA
UK	1966	NA	NA
UK	1965	NA	NA
UK	1964	NA	NA
UK	1963	NA	NA
UK	1962	NA	NA
UK	1961	NA	NA
UK	1960	NA	NA
XK	2018	NA	NA
XK	2017	NA	NA
XK	2016	78.1	NA
XK	2015	NA	NA
XK	2014	NA	NA
XK	2013	NA	NA
XK	2012	NA	NA
XK	2011	NA	NA
XK	2010	NA	NA
XK	2009	NA	NA
XK	2008	NA	NA
XK	2007	NA	NA
XK	2006	NA	NA
XK	2005	NA	NA
XK	2004	NA	NA
XK	2003	NA	NA
XK	2002	NA	NA
XK	2001	NA	NA
XK	2000	NA	NA
XK	1999	NA	NA
XK	1998	NA	NA
XK	1997	NA	NA
XK	1996	NA	NA
XK	1995	NA	NA
XK	1994	NA	NA
XK	1993	NA	NA
XK	1992	NA	NA
XK	1991	NA	NA
XK	1990	NA	NA
XK	1989	NA	NA
XK	1988	NA	NA
XK	1987	NA	NA
XK	1986	NA	NA
XK	1985	NA	NA
XK	1984	NA	NA
XK	1983	NA	NA
XK	1982	NA	NA
XK	1981	NA	NA
XK	1980	NA	NA
XK	1979	NA	NA
XK	1978	NA	NA
XK	1977	NA	NA
XK	1976	NA	NA
XK	1975	NA	NA
XK	1974	NA	NA
XK	1973	NA	NA
XK	1972	NA	NA
XK	1971	NA	NA
XK	1970	NA	NA
XK	1969	NA	NA
XK	1968	NA	NA
XK	1967	NA	NA
XK	1966	NA	NA
XK	1965	NA	NA
XK	1964	NA	NA
XK	1963	NA	NA
XK	1962	NA	NA
XK	1961	NA	NA
XK	1960	NA	NA
