unit.x	na_item	geo	year	realgdpPercap	indic_de	population	sex	unit.y	activity rate
CLV10_EUR_HAB	B1GQ	AT	2008	36280	JAN	8307989	T	PC_POP	73.9
CLV10_EUR_HAB	B1GQ	AT	2008	36280	JAN	8307989	T	PPCH_3Y	2.5
CLV10_EUR_HAB	B1GQ	AT	2009	34830	JAN	8335003	T	PC_POP	74.3
CLV10_EUR_HAB	B1GQ	AT	2009	34830	JAN	8335003	T	PPCH_3Y	1.9
CLV10_EUR_HAB	B1GQ	AT	2010	35390	JAN	8351643	T	PC_POP	74.4
CLV10_EUR_HAB	B1GQ	AT	2010	35390	JAN	8351643	T	PPCH_3Y	0.9 b
CLV10_EUR_HAB	B1GQ	AT	2011	36300	JAN	8375164	T	PC_POP	74.6
CLV10_EUR_HAB	B1GQ	AT	2011	36300	JAN	8375164	T	PPCH_3Y	0.7
CLV10_EUR_HAB	B1GQ	AT	2012	36390	JAN	8408121	T	PC_POP	75.1
CLV10_EUR_HAB	B1GQ	AT	2012	36390	JAN	8408121	T	PPCH_3Y	0.8
CLV10_EUR_HAB	B1GQ	AT	2013	36180	JAN	8451860	T	PC_POP	75.5
CLV10_EUR_HAB	B1GQ	AT	2013	36180	JAN	8451860	T	PPCH_3Y	1.1
CLV10_EUR_HAB	B1GQ	AT	2014	36130	JAN	8507786	T	PC_POP	75.4
CLV10_EUR_HAB	B1GQ	AT	2014	36130	JAN	8507786	T	PPCH_3Y	0.8
CLV10_EUR_HAB	B1GQ	AT	2015	36140	JAN	8584926	T	PC_POP	75.5
CLV10_EUR_HAB	B1GQ	AT	2015	36140	JAN	8584926	T	PPCH_3Y	0.4
CLV10_EUR_HAB	B1GQ	AT	2016	36430	JAN	8700471	T	PC_POP	76.2
CLV10_EUR_HAB	B1GQ	AT	2016	36430	JAN	8700471	T	PPCH_3Y	0.7
CLV10_EUR_HAB	B1GQ	AT	2017	37090	JAN	8772865	T	PC_POP	76.4
CLV10_EUR_HAB	B1GQ	AT	2017	37090	JAN	8772865	T	PPCH_3Y	1.0
CLV10_EUR_HAB	B1GQ	AT	2018	37810	JAN	8822267	T	PC_POP	76.8
CLV10_EUR_HAB	B1GQ	AT	2018	37810	JAN	8822267	T	PPCH_3Y	1.3
CLV10_EUR_HAB	B1GQ	AT	2019	38240	JAN	8858775	T	PC_POP	77.1
CLV10_EUR_HAB	B1GQ	AT	2019	38240	JAN	8858775	T	PPCH_3Y	0.9
CLV10_EUR_HAB	B1GQ	BE	2008	33640	JAN	10666866	T	PC_POP	67.1
CLV10_EUR_HAB	B1GQ	BE	2008	33640	JAN	10666866	T	PPCH_3Y	0.4
CLV10_EUR_HAB	B1GQ	BE	2009	32700	JAN	10753080	T	PC_POP	66.9
CLV10_EUR_HAB	B1GQ	BE	2009	32700	JAN	10753080	T	PPCH_3Y	0.4
CLV10_EUR_HAB	B1GQ	BE	2010	33330	JAN	10839905	T	PC_POP	67.7
CLV10_EUR_HAB	B1GQ	BE	2010	33330	JAN	10839905	T	PPCH_3Y	0.6
CLV10_EUR_HAB	B1GQ	BE	2011	33460	JAN	11000638 b	T	PC_POP	66.7
CLV10_EUR_HAB	B1GQ	BE	2011	33460	JAN	11000638 b	T	PPCH_3Y	-0.4
CLV10_EUR_HAB	B1GQ	BE	2012	33490	JAN	11075889 b	T	PC_POP	66.9
CLV10_EUR_HAB	B1GQ	BE	2012	33490	JAN	11075889 b	T	PPCH_3Y	0.0
CLV10_EUR_HAB	B1GQ	BE	2013	33490	JAN	11137974	T	PC_POP	67.5
CLV10_EUR_HAB	B1GQ	BE	2013	33490	JAN	11137974	T	PPCH_3Y	-0.2
CLV10_EUR_HAB	B1GQ	BE	2014	33870	JAN	11180840	T	PC_POP	67.7
CLV10_EUR_HAB	B1GQ	BE	2014	33870	JAN	11180840	T	PPCH_3Y	1.0
CLV10_EUR_HAB	B1GQ	BE	2015	34360	JAN	11237274	T	PC_POP	67.6
CLV10_EUR_HAB	B1GQ	BE	2015	34360	JAN	11237274	T	PPCH_3Y	0.7
CLV10_EUR_HAB	B1GQ	BE	2016	34700	JAN	11311117	T	PC_POP	67.6
CLV10_EUR_HAB	B1GQ	BE	2016	34700	JAN	11311117	T	PPCH_3Y	0.1
CLV10_EUR_HAB	B1GQ	BE	2017	35250	JAN	11351727	T	PC_POP	68.0 b
CLV10_EUR_HAB	B1GQ	BE	2017	35250	JAN	11351727	T	PPCH_3Y	0.3 b
CLV10_EUR_HAB	B1GQ	BE	2018	35600	JAN	11398589	T	PC_POP	68.6
CLV10_EUR_HAB	B1GQ	BE	2018	35600	JAN	11398589	T	PPCH_3Y	1.0
CLV10_EUR_HAB	B1GQ	BE	2019	35900	JAN	11455519	T	PC_POP	69.0
CLV10_EUR_HAB	B1GQ	BE	2019	35900	JAN	11455519	T	PPCH_3Y	1.4
CLV10_EUR_HAB	B1GQ	BG	2008	5140	JAN	7518002	T	PC_POP	67.8
CLV10_EUR_HAB	B1GQ	BG	2008	5140	JAN	7518002	T	PPCH_3Y	5.7
CLV10_EUR_HAB	B1GQ	BG	2009	4990	JAN	7467119	T	PC_POP	67.2
CLV10_EUR_HAB	B1GQ	BG	2009	4990	JAN	7467119	T	PPCH_3Y	2.7
CLV10_EUR_HAB	B1GQ	BG	2010	5050	JAN	7421766	T	PC_POP	66.7 b
CLV10_EUR_HAB	B1GQ	BG	2010	5050	JAN	7421766	T	PPCH_3Y	0.4 b
CLV10_EUR_HAB	B1GQ	BG	2011	5300	JAN	7369431	T	PC_POP	65.9 b
CLV10_EUR_HAB	B1GQ	BG	2011	5300	JAN	7369431	T	PPCH_3Y	-1.9 b
CLV10_EUR_HAB	B1GQ	BG	2012	5350	JAN	7327224	T	PC_POP	67.1
CLV10_EUR_HAB	B1GQ	BG	2012	5350	JAN	7327224	T	PPCH_3Y	-0.1
CLV10_EUR_HAB	B1GQ	BG	2013	5400	JAN	7284552	T	PC_POP	68.4
CLV10_EUR_HAB	B1GQ	BG	2013	5400	JAN	7284552	T	PPCH_3Y	1.7 b
CLV10_EUR_HAB	B1GQ	BG	2014	5530	JAN	7245677	T	PC_POP	69.0
CLV10_EUR_HAB	B1GQ	BG	2014	5530	JAN	7245677	T	PPCH_3Y	3.1 b
CLV10_EUR_HAB	B1GQ	BG	2015	5790	JAN	7202198	T	PC_POP	69.3
CLV10_EUR_HAB	B1GQ	BG	2015	5790	JAN	7202198	T	PPCH_3Y	2.2
CLV10_EUR_HAB	B1GQ	BG	2016	6050	JAN	7153784	T	PC_POP	68.7
CLV10_EUR_HAB	B1GQ	BG	2016	6050	JAN	7153784	T	PPCH_3Y	0.3
CLV10_EUR_HAB	B1GQ	BG	2017	6310	JAN	7101859	T	PC_POP	71.3
CLV10_EUR_HAB	B1GQ	BG	2017	6310	JAN	7101859	T	PPCH_3Y	2.3
CLV10_EUR_HAB	B1GQ	BG	2018	6550	JAN	7050034	T	PC_POP	71.5
CLV10_EUR_HAB	B1GQ	BG	2018	6550	JAN	7050034	T	PPCH_3Y	2.2
CLV10_EUR_HAB	B1GQ	BG	2019	6800	JAN	7000039	T	PC_POP	73.2
CLV10_EUR_HAB	B1GQ	BG	2019	6800	JAN	7000039	T	PPCH_3Y	4.5
CLV10_EUR_HAB	B1GQ	CY	2008	24680	JAN	776333	T	PC_POP	73.6
CLV10_EUR_HAB	B1GQ	CY	2008	24680	JAN	776333	T	PPCH_3Y	1.2
CLV10_EUR_HAB	B1GQ	CY	2009	23550	JAN	796930	T	PC_POP	73.0 b
CLV10_EUR_HAB	B1GQ	CY	2009	23550	JAN	796930	T	PPCH_3Y	0.0 b
CLV10_EUR_HAB	B1GQ	CY	2010	23400	JAN	819140	T	PC_POP	73.6
CLV10_EUR_HAB	B1GQ	CY	2010	23400	JAN	819140	T	PPCH_3Y	-0.3
CLV10_EUR_HAB	B1GQ	CY	2011	22900	JAN	839751	T	PC_POP	73.5
CLV10_EUR_HAB	B1GQ	CY	2011	22900	JAN	839751	T	PPCH_3Y	-0.1
CLV10_EUR_HAB	B1GQ	CY	2012	21780	JAN	862011	T	PC_POP	73.5
CLV10_EUR_HAB	B1GQ	CY	2012	21780	JAN	862011	T	PPCH_3Y	0.5 b
CLV10_EUR_HAB	B1GQ	CY	2013	20400	JAN	865878	T	PC_POP	73.6
CLV10_EUR_HAB	B1GQ	CY	2013	20400	JAN	865878	T	PPCH_3Y	0.0
CLV10_EUR_HAB	B1GQ	CY	2014	20240	JAN	858000	T	PC_POP	74.3
CLV10_EUR_HAB	B1GQ	CY	2014	20240	JAN	858000	T	PPCH_3Y	0.8
CLV10_EUR_HAB	B1GQ	CY	2015	21040	JAN	847008	T	PC_POP	73.9
CLV10_EUR_HAB	B1GQ	CY	2015	21040	JAN	847008	T	PPCH_3Y	0.4
CLV10_EUR_HAB	B1GQ	CY	2016	22360	JAN	848319	T	PC_POP	73.4
CLV10_EUR_HAB	B1GQ	CY	2016	22360	JAN	848319	T	PPCH_3Y	-0.2
CLV10_EUR_HAB	B1GQ	CY	2017	23120	JAN	854802	T	PC_POP	73.9
CLV10_EUR_HAB	B1GQ	CY	2017	23120	JAN	854802	T	PPCH_3Y	-0.4
CLV10_EUR_HAB	B1GQ	CY	2018	23770	JAN	864236	T	PC_POP	75.0
CLV10_EUR_HAB	B1GQ	CY	2018	23770	JAN	864236	T	PPCH_3Y	1.1
CLV10_EUR_HAB	B1GQ	CY	2019	24250	JAN	875899	T	PC_POP	76.0
CLV10_EUR_HAB	B1GQ	CY	2019	24250	JAN	875899	T	PPCH_3Y	2.6
CLV10_EUR_HAB	B1GQ	CZ	2008	15430	JAN	10343422	T	PC_POP	69.7
CLV10_EUR_HAB	B1GQ	CZ	2008	15430	JAN	10343422	T	PPCH_3Y	-0.7
CLV10_EUR_HAB	B1GQ	CZ	2009	14610	JAN	10425783	T	PC_POP	70.1
CLV10_EUR_HAB	B1GQ	CZ	2009	14610	JAN	10425783	T	PPCH_3Y	-0.2
CLV10_EUR_HAB	B1GQ	CZ	2010	14900	JAN	10462088	T	PC_POP	70.2
CLV10_EUR_HAB	B1GQ	CZ	2010	14900	JAN	10462088	T	PPCH_3Y	0.3
CLV10_EUR_HAB	B1GQ	CZ	2011	15200	JAN	10486731	T	PC_POP	70.5 b
CLV10_EUR_HAB	B1GQ	CZ	2011	15200	JAN	10486731	T	PPCH_3Y	0.8 b
CLV10_EUR_HAB	B1GQ	CZ	2012	15060	JAN	10505445	T	PC_POP	71.6
CLV10_EUR_HAB	B1GQ	CZ	2012	15060	JAN	10505445	T	PPCH_3Y	1.5
CLV10_EUR_HAB	B1GQ	CZ	2013	14980	JAN	10516125	T	PC_POP	72.9
CLV10_EUR_HAB	B1GQ	CZ	2013	14980	JAN	10516125	T	PPCH_3Y	2.7
CLV10_EUR_HAB	B1GQ	CZ	2014	15370	JAN	10512419	T	PC_POP	73.5
CLV10_EUR_HAB	B1GQ	CZ	2014	15370	JAN	10512419	T	PPCH_3Y	3.0 b
CLV10_EUR_HAB	B1GQ	CZ	2015	16160	JAN	10538275	T	PC_POP	74.0
CLV10_EUR_HAB	B1GQ	CZ	2015	16160	JAN	10538275	T	PPCH_3Y	2.4
CLV10_EUR_HAB	B1GQ	CZ	2016	16520	JAN	10553843	T	PC_POP	75.0
CLV10_EUR_HAB	B1GQ	CZ	2016	16520	JAN	10553843	T	PPCH_3Y	2.1
CLV10_EUR_HAB	B1GQ	CZ	2017	17200	JAN	10578820	T	PC_POP	75.9
CLV10_EUR_HAB	B1GQ	CZ	2017	17200	JAN	10578820	T	PPCH_3Y	2.4
CLV10_EUR_HAB	B1GQ	CZ	2018	17620	JAN	10610055	T	PC_POP	76.6
CLV10_EUR_HAB	B1GQ	CZ	2018	17620	JAN	10610055	T	PPCH_3Y	2.6
CLV10_EUR_HAB	B1GQ	CZ	2019	18000	JAN	10649800	T	PC_POP	76.7
CLV10_EUR_HAB	B1GQ	CZ	2019	18000	JAN	10649800	T	PPCH_3Y	1.7
CLV10_EUR_HAB	B1GQ	DE	2008	32320	JAN	82217837	T	PC_POP	75.9
CLV10_EUR_HAB	B1GQ	DE	2008	32320	JAN	82217837	T	PPCH_3Y	2.1 b
CLV10_EUR_HAB	B1GQ	DE	2009	30580	JAN	82002356	T	PC_POP	76.3
CLV10_EUR_HAB	B1GQ	DE	2009	30580	JAN	82002356	T	PPCH_3Y	1.4
CLV10_EUR_HAB	B1GQ	DE	2010	31940	JAN	81802257	T	PC_POP	76.7 b
CLV10_EUR_HAB	B1GQ	DE	2010	31940	JAN	81802257	T	PPCH_3Y	1.1 b
CLV10_EUR_HAB	B1GQ	DE	2011	33200	JAN	80222065 b	T	PC_POP	77.3 b
CLV10_EUR_HAB	B1GQ	DE	2011	33200	JAN	80222065 b	T	PPCH_3Y	1.4 b
CLV10_EUR_HAB	B1GQ	DE	2012	33280	JAN	80327900	T	PC_POP	77.2
CLV10_EUR_HAB	B1GQ	DE	2012	33280	JAN	80327900	T	PPCH_3Y	0.9
CLV10_EUR_HAB	B1GQ	DE	2013	33330	JAN	80523746	T	PC_POP	77.6
CLV10_EUR_HAB	B1GQ	DE	2013	33330	JAN	80523746	T	PPCH_3Y	0.9 b
CLV10_EUR_HAB	B1GQ	DE	2014	33930	JAN	80767463	T	PC_POP	77.7
CLV10_EUR_HAB	B1GQ	DE	2014	33930	JAN	80767463	T	PPCH_3Y	0.4 b
CLV10_EUR_HAB	B1GQ	DE	2015	34220	JAN	81197537	T	PC_POP	77.6
CLV10_EUR_HAB	B1GQ	DE	2015	34220	JAN	81197537	T	PPCH_3Y	0.4
CLV10_EUR_HAB	B1GQ	DE	2016	34700	JAN	82175684	T	PC_POP	77.9
CLV10_EUR_HAB	B1GQ	DE	2016	34700	JAN	82175684	T	PPCH_3Y	0.3
CLV10_EUR_HAB	B1GQ	DE	2017	35420	JAN	82521653	T	PC_POP	78.2
CLV10_EUR_HAB	B1GQ	DE	2017	35420	JAN	82521653	T	PPCH_3Y	0.5
CLV10_EUR_HAB	B1GQ	DE	2018	35860	JAN	82792351	T	PC_POP	78.6
CLV10_EUR_HAB	B1GQ	DE	2018	35860	JAN	82792351	T	PPCH_3Y	1.0
CLV10_EUR_HAB	B1GQ	DE	2019	35970	JAN	83019213	T	PC_POP	79.2
CLV10_EUR_HAB	B1GQ	DE	2019	35970	JAN	83019213	T	PPCH_3Y	1.3
CLV10_EUR_HAB	B1GQ	DK	2008	45700	JAN	5475791	T	PC_POP	79.3 b
CLV10_EUR_HAB	B1GQ	DK	2008	45700	JAN	5475791	T	PPCH_3Y	-0.5 b
CLV10_EUR_HAB	B1GQ	DK	2009	43220	JAN	5511451	T	PC_POP	78.7
CLV10_EUR_HAB	B1GQ	DK	2009	43220	JAN	5511451	T	PPCH_3Y	-1.9
CLV10_EUR_HAB	B1GQ	DK	2010	43840	JAN	5534738	T	PC_POP	78.0
CLV10_EUR_HAB	B1GQ	DK	2010	43840	JAN	5534738	T	PPCH_3Y	-2.1
CLV10_EUR_HAB	B1GQ	DK	2011	44240	JAN	5560628	T	PC_POP	77.8
CLV10_EUR_HAB	B1GQ	DK	2011	44240	JAN	5560628	T	PPCH_3Y	-1.5 b
CLV10_EUR_HAB	B1GQ	DK	2012	44170	JAN	5580516	T	PC_POP	77.2
CLV10_EUR_HAB	B1GQ	DK	2012	44170	JAN	5580516	T	PPCH_3Y	-1.5
CLV10_EUR_HAB	B1GQ	DK	2013	44410	JAN	5602628	T	PC_POP	76.6
CLV10_EUR_HAB	B1GQ	DK	2013	44410	JAN	5602628	T	PPCH_3Y	-1.4
CLV10_EUR_HAB	B1GQ	DK	2014	44890	JAN	5627235	T	PC_POP	76.6
CLV10_EUR_HAB	B1GQ	DK	2014	44890	JAN	5627235	T	PPCH_3Y	-1.2
CLV10_EUR_HAB	B1GQ	DK	2015	45630	JAN	5659715	T	PC_POP	76.9
CLV10_EUR_HAB	B1GQ	DK	2015	45630	JAN	5659715	T	PPCH_3Y	-0.3
CLV10_EUR_HAB	B1GQ	DK	2016	46720	JAN	5707251	T	PC_POP	77.5 b
CLV10_EUR_HAB	B1GQ	DK	2016	46720	JAN	5707251	T	PPCH_3Y	0.9 b
CLV10_EUR_HAB	B1GQ	DK	2017	47360	JAN	5748769	T	PC_POP	77.9 b
CLV10_EUR_HAB	B1GQ	DK	2017	47360	JAN	5748769	T	PPCH_3Y	1.3 b
CLV10_EUR_HAB	B1GQ	DK	2018	48260	JAN	5781190	T	PC_POP	78.2
CLV10_EUR_HAB	B1GQ	DK	2018	48260	JAN	5781190	T	PPCH_3Y	1.3
CLV10_EUR_HAB	B1GQ	DK	2019	49190	JAN	5806081	T	PC_POP	79.1
CLV10_EUR_HAB	B1GQ	DK	2019	49190	JAN	5806081	T	PPCH_3Y	1.6 b
CLV10_EUR_HAB	B1GQ	EE	2008	12640	JAN	1338440	T	PC_POP	74.2
CLV10_EUR_HAB	B1GQ	EE	2008	12640	JAN	1338440	T	PPCH_3Y	3.5
CLV10_EUR_HAB	B1GQ	EE	2009	10830	JAN	1335740	T	PC_POP	74.0
CLV10_EUR_HAB	B1GQ	EE	2009	10830	JAN	1335740	T	PPCH_3Y	1.2
CLV10_EUR_HAB	B1GQ	EE	2010	11150	JAN	1333290	T	PC_POP	73.9
CLV10_EUR_HAB	B1GQ	EE	2010	11150	JAN	1333290	T	PPCH_3Y	0.7
CLV10_EUR_HAB	B1GQ	EE	2011	12010	JAN	1329660	T	PC_POP	74.7
CLV10_EUR_HAB	B1GQ	EE	2011	12010	JAN	1329660	T	PPCH_3Y	0.5
CLV10_EUR_HAB	B1GQ	EE	2012	12430	JAN	1325217	T	PC_POP	74.8
CLV10_EUR_HAB	B1GQ	EE	2012	12430	JAN	1325217	T	PPCH_3Y	0.8
CLV10_EUR_HAB	B1GQ	EE	2013	12640	JAN	1320174	T	PC_POP	75.1
CLV10_EUR_HAB	B1GQ	EE	2013	12640	JAN	1320174	T	PPCH_3Y	1.2
CLV10_EUR_HAB	B1GQ	EE	2014	13060	JAN	1315819	T	PC_POP	75.2
CLV10_EUR_HAB	B1GQ	EE	2014	13060	JAN	1315819	T	PPCH_3Y	0.5
CLV10_EUR_HAB	B1GQ	EE	2015	13330	JAN	1314870 b	T	PC_POP	76.7
CLV10_EUR_HAB	B1GQ	EE	2015	13330	JAN	1314870 b	T	PPCH_3Y	1.9
CLV10_EUR_HAB	B1GQ	EE	2016	13650	JAN	1315944	T	PC_POP	77.5
CLV10_EUR_HAB	B1GQ	EE	2016	13650	JAN	1315944	T	PPCH_3Y	2.4
CLV10_EUR_HAB	B1GQ	EE	2017	14440	JAN	1315635	T	PC_POP	78.8
CLV10_EUR_HAB	B1GQ	EE	2017	14440	JAN	1315635	T	PPCH_3Y	3.6
CLV10_EUR_HAB	B1GQ	EE	2018	15090	JAN	1319133	T	PC_POP	79.1
CLV10_EUR_HAB	B1GQ	EE	2018	15090	JAN	1319133	T	PPCH_3Y	2.4
CLV10_EUR_HAB	B1GQ	EE	2019	15670	JAN	1324820	T	PC_POP	78.9
CLV10_EUR_HAB	B1GQ	EE	2019	15670	JAN	1324820	T	PPCH_3Y	1.4
CLV10_EUR_HAB	B1GQ	EL	2008	22560	JAN	11060937	T	PC_POP	66.7
CLV10_EUR_HAB	B1GQ	EL	2008	22560	JAN	11060937	T	PPCH_3Y	0.3
CLV10_EUR_HAB	B1GQ	EL	2009	21530	JAN	11094745	T	PC_POP	67.4 b
CLV10_EUR_HAB	B1GQ	EL	2009	21530	JAN	11094745	T	PPCH_3Y	0.7 b
CLV10_EUR_HAB	B1GQ	EL	2010	20320	JAN	11119289	T	PC_POP	67.8
CLV10_EUR_HAB	B1GQ	EL	2010	20320	JAN	11119289	T	PPCH_3Y	1.3
CLV10_EUR_HAB	B1GQ	EL	2011	18500	JAN	11123392	T	PC_POP	67.3
CLV10_EUR_HAB	B1GQ	EL	2011	18500	JAN	11123392	T	PPCH_3Y	0.6
CLV10_EUR_HAB	B1GQ	EL	2012	17240	JAN	11086406	T	PC_POP	67.5
CLV10_EUR_HAB	B1GQ	EL	2012	17240	JAN	11086406	T	PPCH_3Y	0.1 b
CLV10_EUR_HAB	B1GQ	EL	2013	16800	JAN	11003615	T	PC_POP	67.5
CLV10_EUR_HAB	B1GQ	EL	2013	16800	JAN	11003615	T	PPCH_3Y	-0.3
CLV10_EUR_HAB	B1GQ	EL	2014	17040	JAN	10926807	T	PC_POP	67.4
CLV10_EUR_HAB	B1GQ	EL	2014	17040	JAN	10926807	T	PPCH_3Y	0.1
CLV10_EUR_HAB	B1GQ	EL	2015	17080	JAN	10858018	T	PC_POP	67.8
CLV10_EUR_HAB	B1GQ	EL	2015	17080	JAN	10858018	T	PPCH_3Y	0.3
CLV10_EUR_HAB	B1GQ	EL	2016	17110	JAN	10783748	T	PC_POP	68.2
CLV10_EUR_HAB	B1GQ	EL	2016	17110	JAN	10783748	T	PPCH_3Y	0.7
CLV10_EUR_HAB	B1GQ	EL	2017	17410	JAN	10768193	T	PC_POP	68.3
CLV10_EUR_HAB	B1GQ	EL	2017	17410	JAN	10768193	T	PPCH_3Y	0.9
CLV10_EUR_HAB	B1GQ	EL	2018	17780	JAN	10741165	T	PC_POP	68.2
CLV10_EUR_HAB	B1GQ	EL	2018	17780	JAN	10741165	T	PPCH_3Y	0.4
CLV10_EUR_HAB	B1GQ	EL	2019	18150	JAN	10724599	T	PC_POP	68.4
CLV10_EUR_HAB	B1GQ	EL	2019	18150	JAN	10724599	T	PPCH_3Y	0.2
CLV10_EUR_HAB	B1GQ	ES	2008	24200	JAN	45668939	T	PC_POP	72.7
CLV10_EUR_HAB	B1GQ	ES	2008	24200	JAN	45668939	T	PPCH_3Y	2.7 b
CLV10_EUR_HAB	B1GQ	ES	2009	23100	JAN	46239273	T	PC_POP	73.1
CLV10_EUR_HAB	B1GQ	ES	2009	23100	JAN	46239273	T	PPCH_3Y	2.0
CLV10_EUR_HAB	B1GQ	ES	2010	23040	JAN	46486619	T	PC_POP	73.5
CLV10_EUR_HAB	B1GQ	ES	2010	23040	JAN	46486619	T	PPCH_3Y	1.7
CLV10_EUR_HAB	B1GQ	ES	2011	22770	JAN	46667174	T	PC_POP	73.9
CLV10_EUR_HAB	B1GQ	ES	2011	22770	JAN	46667174	T	PPCH_3Y	1.2
CLV10_EUR_HAB	B1GQ	ES	2012	22080	JAN	46818219	T	PC_POP	74.3
CLV10_EUR_HAB	B1GQ	ES	2012	22080	JAN	46818219	T	PPCH_3Y	1.2
CLV10_EUR_HAB	B1GQ	ES	2013	21840	JAN	46727890	T	PC_POP	74.3
CLV10_EUR_HAB	B1GQ	ES	2013	21840	JAN	46727890	T	PPCH_3Y	0.8
CLV10_EUR_HAB	B1GQ	ES	2014	22210	JAN	46512199	T	PC_POP	74.2
CLV10_EUR_HAB	B1GQ	ES	2014	22210	JAN	46512199	T	PPCH_3Y	0.3
CLV10_EUR_HAB	B1GQ	ES	2015	23080	JAN	46449565	T	PC_POP	74.3
CLV10_EUR_HAB	B1GQ	ES	2015	23080	JAN	46449565	T	PPCH_3Y	0.0
CLV10_EUR_HAB	B1GQ	ES	2016	23760	JAN	46440099	T	PC_POP	74.2
CLV10_EUR_HAB	B1GQ	ES	2016	23760	JAN	46440099	T	PPCH_3Y	-0.1
CLV10_EUR_HAB	B1GQ	ES	2017	24410	JAN	46528024	T	PC_POP	73.9
CLV10_EUR_HAB	B1GQ	ES	2017	24410	JAN	46528024	T	PPCH_3Y	-0.3
CLV10_EUR_HAB	B1GQ	ES	2018	24880	JAN	46658447	T	PC_POP	73.7
CLV10_EUR_HAB	B1GQ	ES	2018	24880	JAN	46658447	T	PPCH_3Y	-0.6
CLV10_EUR_HAB	B1GQ	ES	2019	25170	JAN	46937060	T	PC_POP	73.8
CLV10_EUR_HAB	B1GQ	ES	2019	25170	JAN	46937060	T	PPCH_3Y	-0.4
CLV10_EUR_HAB	B1GQ	FI	2008	37330	JAN	5300484	T	PC_POP	76.0
CLV10_EUR_HAB	B1GQ	FI	2008	37330	JAN	5300484	T	PPCH_3Y	1.3
CLV10_EUR_HAB	B1GQ	FI	2009	34150	JAN	5326314	T	PC_POP	75.0
CLV10_EUR_HAB	B1GQ	FI	2009	34150	JAN	5326314	T	PPCH_3Y	-0.2
CLV10_EUR_HAB	B1GQ	FI	2010	35080	JAN	5351427	T	PC_POP	74.5
CLV10_EUR_HAB	B1GQ	FI	2010	35080	JAN	5351427	T	PPCH_3Y	-1.1
CLV10_EUR_HAB	B1GQ	FI	2011	35810	JAN	5375276	T	PC_POP	74.9
CLV10_EUR_HAB	B1GQ	FI	2011	35810	JAN	5375276	T	PPCH_3Y	-1.1
CLV10_EUR_HAB	B1GQ	FI	2012	35140	JAN	5401267	T	PC_POP	75.2
CLV10_EUR_HAB	B1GQ	FI	2012	35140	JAN	5401267	T	PPCH_3Y	0.2
CLV10_EUR_HAB	B1GQ	FI	2013	34660	JAN	5426674	T	PC_POP	75.2
CLV10_EUR_HAB	B1GQ	FI	2013	34660	JAN	5426674	T	PPCH_3Y	0.7
CLV10_EUR_HAB	B1GQ	FI	2014	34390	JAN	5451270	T	PC_POP	75.4
CLV10_EUR_HAB	B1GQ	FI	2014	34390	JAN	5451270	T	PPCH_3Y	0.5
CLV10_EUR_HAB	B1GQ	FI	2015	34460	JAN	5471753	T	PC_POP	75.8
CLV10_EUR_HAB	B1GQ	FI	2015	34460	JAN	5471753	T	PPCH_3Y	0.6
CLV10_EUR_HAB	B1GQ	FI	2016	35300	JAN	5487308	T	PC_POP	75.9
CLV10_EUR_HAB	B1GQ	FI	2016	35300	JAN	5487308	T	PPCH_3Y	0.7
CLV10_EUR_HAB	B1GQ	FI	2017	36310	JAN	5503297	T	PC_POP	76.7
CLV10_EUR_HAB	B1GQ	FI	2017	36310	JAN	5503297	T	PPCH_3Y	1.3
CLV10_EUR_HAB	B1GQ	FI	2018	36850	JAN	5513130	T	PC_POP	77.9
CLV10_EUR_HAB	B1GQ	FI	2018	36850	JAN	5513130	T	PPCH_3Y	2.1
CLV10_EUR_HAB	B1GQ	FI	2019	37170	JAN	5517919	T	PC_POP	78.3
CLV10_EUR_HAB	B1GQ	FI	2019	37170	JAN	5517919	T	PPCH_3Y	2.4
CLV10_EUR_HAB	B1GQ	FR	2008	31310	JAN	64007193	T	PC_POP	69.5 e
CLV10_EUR_HAB	B1GQ	FR	2008	31310	JAN	64007193	T	PPCH_3Y	0.1 e
CLV10_EUR_HAB	B1GQ	FR	2009	30250	JAN	64350226	T	PC_POP	69.9 e
CLV10_EUR_HAB	B1GQ	FR	2009	30250	JAN	64350226	T	PPCH_3Y	0.6 e
CLV10_EUR_HAB	B1GQ	FR	2010	30690	JAN	64658856	T	PC_POP	70.0 e
CLV10_EUR_HAB	B1GQ	FR	2010	30690	JAN	64658856	T	PPCH_3Y	0.6 e
CLV10_EUR_HAB	B1GQ	FR	2011	31210	JAN	64978721	T	PC_POP	69.9 e
CLV10_EUR_HAB	B1GQ	FR	2011	31210	JAN	64978721	T	PPCH_3Y	0.4 e
CLV10_EUR_HAB	B1GQ	FR	2012	31160	JAN	65276983	T	PC_POP	70.4 e
CLV10_EUR_HAB	B1GQ	FR	2012	31160	JAN	65276983	T	PPCH_3Y	0.5 e
CLV10_EUR_HAB	B1GQ	FR	2013	31170	JAN	65600350	T	PC_POP	70.9 e
CLV10_EUR_HAB	B1GQ	FR	2013	31170	JAN	65600350	T	PPCH_3Y	0.9 e
CLV10_EUR_HAB	B1GQ	FR	2014	31320	JAN	66165980 b	T	PC_POP	71.0
CLV10_EUR_HAB	B1GQ	FR	2014	31320	JAN	66165980 b	T	PPCH_3Y	1.1 e
CLV10_EUR_HAB	B1GQ	FR	2015	31540	JAN	66458153	T	PC_POP	71.3
CLV10_EUR_HAB	B1GQ	FR	2015	31540	JAN	66458153	T	PPCH_3Y	0.9 e
CLV10_EUR_HAB	B1GQ	FR	2016	31770	JAN	66638391	T	PC_POP	71.4
CLV10_EUR_HAB	B1GQ	FR	2016	31770	JAN	66638391	T	PPCH_3Y	0.5 e
CLV10_EUR_HAB	B1GQ	FR	2017	32370	JAN	66809816	T	PC_POP	71.5
CLV10_EUR_HAB	B1GQ	FR	2017	32370	JAN	66809816	T	PPCH_3Y	0.5
CLV10_EUR_HAB	B1GQ	FR	2018	32830	JAN	66918941 p	T	PC_POP	71.9
CLV10_EUR_HAB	B1GQ	FR	2018	32830	JAN	66918941 p	T	PPCH_3Y	0.6
CLV10_EUR_HAB	B1GQ	FR	2019	33360	JAN	67012883 p	T	PC_POP	71.7
CLV10_EUR_HAB	B1GQ	FR	2019	33360	JAN	67012883 p	T	PPCH_3Y	0.3
CLV10_EUR_HAB	B1GQ	HR	2008	11470	JAN	4311967	T	PC_POP	65.8
CLV10_EUR_HAB	B1GQ	HR	2008	11470	JAN	4311967	T	PPCH_3Y	2.5 e
CLV10_EUR_HAB	B1GQ	HR	2009	10630	JAN	4309796	T	PC_POP	65.6
CLV10_EUR_HAB	B1GQ	HR	2009	10630	JAN	4309796	T	PPCH_3Y	2.6 e
CLV10_EUR_HAB	B1GQ	HR	2010	10500	JAN	4302847	T	PC_POP	65.1
CLV10_EUR_HAB	B1GQ	HR	2010	10500	JAN	4302847	T	PPCH_3Y	-0.6
CLV10_EUR_HAB	B1GQ	HR	2011	10500	JAN	4289857	T	PC_POP	64.1
CLV10_EUR_HAB	B1GQ	HR	2011	10500	JAN	4289857	T	PPCH_3Y	-1.7
CLV10_EUR_HAB	B1GQ	HR	2012	10300	JAN	4275984	T	PC_POP	63.9
CLV10_EUR_HAB	B1GQ	HR	2012	10300	JAN	4275984	T	PPCH_3Y	-1.7
CLV10_EUR_HAB	B1GQ	HR	2013	10280	JAN	4262140	T	PC_POP	63.7
CLV10_EUR_HAB	B1GQ	HR	2013	10280	JAN	4262140	T	PPCH_3Y	-1.4
CLV10_EUR_HAB	B1GQ	HR	2014	10310	JAN	4246809	T	PC_POP	66.1
CLV10_EUR_HAB	B1GQ	HR	2014	10310	JAN	4246809	T	PPCH_3Y	2.0
CLV10_EUR_HAB	B1GQ	HR	2015	10630	JAN	4225316	T	PC_POP	66.9
CLV10_EUR_HAB	B1GQ	HR	2015	10630	JAN	4225316	T	PPCH_3Y	3.0
CLV10_EUR_HAB	B1GQ	HR	2016	11100	JAN	4190669	T	PC_POP	65.6
CLV10_EUR_HAB	B1GQ	HR	2016	11100	JAN	4190669	T	PPCH_3Y	1.9
CLV10_EUR_HAB	B1GQ	HR	2017	11560	JAN	4154213	T	PC_POP	66.4
CLV10_EUR_HAB	B1GQ	HR	2017	11560	JAN	4154213	T	PPCH_3Y	0.3
CLV10_EUR_HAB	B1GQ	HR	2018	11990	JAN	4105493	T	PC_POP	66.3
CLV10_EUR_HAB	B1GQ	HR	2018	11990	JAN	4105493	T	PPCH_3Y	-0.6
CLV10_EUR_HAB	B1GQ	HR	2019	NA	JAN	4076246	T	PC_POP	66.5
CLV10_EUR_HAB	B1GQ	HR	2019	NA	JAN	4076246	T	PPCH_3Y	0.9
CLV10_EUR_HAB	B1GQ	HU	2008	10500	JAN	10045401	T	PC_POP	61.2
CLV10_EUR_HAB	B1GQ	HU	2008	10500	JAN	10045401	T	PPCH_3Y	-0.1
CLV10_EUR_HAB	B1GQ	HU	2009	9810	JAN	10030975	T	PC_POP	61.2
CLV10_EUR_HAB	B1GQ	HU	2009	9810	JAN	10030975	T	PPCH_3Y	-0.8
CLV10_EUR_HAB	B1GQ	HU	2010	9900	JAN	10014324	T	PC_POP	61.9
CLV10_EUR_HAB	B1GQ	HU	2010	9900	JAN	10014324	T	PPCH_3Y	0.3
CLV10_EUR_HAB	B1GQ	HU	2011	10110	JAN	9985722	T	PC_POP	62.4
CLV10_EUR_HAB	B1GQ	HU	2011	10110	JAN	9985722	T	PPCH_3Y	1.2
CLV10_EUR_HAB	B1GQ	HU	2012	10010	JAN	9931925 b	T	PC_POP	63.7
CLV10_EUR_HAB	B1GQ	HU	2012	10010	JAN	9931925 b	T	PPCH_3Y	2.5
CLV10_EUR_HAB	B1GQ	HU	2013	10230	JAN	9908798	T	PC_POP	64.7
CLV10_EUR_HAB	B1GQ	HU	2013	10230	JAN	9908798	T	PPCH_3Y	2.8
CLV10_EUR_HAB	B1GQ	HU	2014	10690	JAN	9877365	T	PC_POP	67.0
CLV10_EUR_HAB	B1GQ	HU	2014	10690	JAN	9877365	T	PPCH_3Y	4.6
CLV10_EUR_HAB	B1GQ	HU	2015	11130	JAN	9855571	T	PC_POP	68.6
CLV10_EUR_HAB	B1GQ	HU	2015	11130	JAN	9855571	T	PPCH_3Y	4.9
CLV10_EUR_HAB	B1GQ	HU	2016	11410	JAN	9830485	T	PC_POP	70.1
CLV10_EUR_HAB	B1GQ	HU	2016	11410	JAN	9830485	T	PPCH_3Y	5.4
CLV10_EUR_HAB	B1GQ	HU	2017	11930	JAN	9797561	T	PC_POP	71.2
CLV10_EUR_HAB	B1GQ	HU	2017	11930	JAN	9797561	T	PPCH_3Y	4.2
CLV10_EUR_HAB	B1GQ	HU	2018	12560	JAN	9778371	T	PC_POP	71.9
CLV10_EUR_HAB	B1GQ	HU	2018	12560	JAN	9778371	T	PPCH_3Y	3.3
CLV10_EUR_HAB	B1GQ	HU	2019	13180	JAN	9772756	T	PC_POP	72.6
CLV10_EUR_HAB	B1GQ	HU	2019	13180	JAN	9772756	T	PPCH_3Y	2.5
CLV10_EUR_HAB	B1GQ	IE	2008	38600	JAN	4457765	T	PC_POP	74.8
CLV10_EUR_HAB	B1GQ	IE	2008	38600	JAN	4457765	T	PPCH_3Y	0.9
CLV10_EUR_HAB	B1GQ	IE	2009	36300	JAN	4521322	T	PC_POP	73.0
CLV10_EUR_HAB	B1GQ	IE	2009	36300	JAN	4521322	T	PPCH_3Y	-1.9
CLV10_EUR_HAB	B1GQ	IE	2010	36790	JAN	4549428	T	PC_POP	71.6
CLV10_EUR_HAB	B1GQ	IE	2010	36790	JAN	4549428	T	PPCH_3Y	-4.0 b
CLV10_EUR_HAB	B1GQ	IE	2011	36760	JAN	4570881	T	PC_POP	71.2
CLV10_EUR_HAB	B1GQ	IE	2011	36760	JAN	4570881	T	PPCH_3Y	-3.6
CLV10_EUR_HAB	B1GQ	IE	2012	36690	JAN	4589287	T	PC_POP	71.1
CLV10_EUR_HAB	B1GQ	IE	2012	36690	JAN	4589287	T	PPCH_3Y	-1.9
CLV10_EUR_HAB	B1GQ	IE	2013	37010	JAN	4609779	T	PC_POP	71.8
CLV10_EUR_HAB	B1GQ	IE	2013	37010	JAN	4609779	T	PPCH_3Y	0.2
CLV10_EUR_HAB	B1GQ	IE	2014	39890	JAN	4637852	T	PC_POP	71.8
CLV10_EUR_HAB	B1GQ	IE	2014	39890	JAN	4637852	T	PPCH_3Y	0.6
CLV10_EUR_HAB	B1GQ	IE	2015	49470	JAN	4677627	T	PC_POP	72.1
CLV10_EUR_HAB	B1GQ	IE	2015	49470	JAN	4677627	T	PPCH_3Y	1.0
CLV10_EUR_HAB	B1GQ	IE	2016	50710	JAN	4726286	T	PC_POP	72.7
CLV10_EUR_HAB	B1GQ	IE	2016	50710	JAN	4726286	T	PPCH_3Y	0.9
CLV10_EUR_HAB	B1GQ	IE	2017	54240	JAN	4784383	T	PC_POP	72.7
CLV10_EUR_HAB	B1GQ	IE	2017	54240	JAN	4784383	T	PPCH_3Y	0.9
CLV10_EUR_HAB	B1GQ	IE	2018	57960	JAN	4830392	T	PC_POP	72.9
CLV10_EUR_HAB	B1GQ	IE	2018	57960	JAN	4830392	T	PPCH_3Y	0.8
CLV10_EUR_HAB	B1GQ	IE	2019	60350	JAN	4904240 e	T	PC_POP	73.3
CLV10_EUR_HAB	B1GQ	IE	2019	60350	JAN	4904240 e	T	PPCH_3Y	0.6
CLV10_EUR_HAB	B1GQ	IT	2008	28230	JAN	58652875	T	PC_POP	62.9
CLV10_EUR_HAB	B1GQ	IT	2008	28230	JAN	58652875	T	PPCH_3Y	0.4
CLV10_EUR_HAB	B1GQ	IT	2009	26590	JAN	59000586	T	PC_POP	62.3
CLV10_EUR_HAB	B1GQ	IT	2009	26590	JAN	59000586	T	PPCH_3Y	-0.3
CLV10_EUR_HAB	B1GQ	IT	2010	26930	JAN	59190143	T	PC_POP	62.0
CLV10_EUR_HAB	B1GQ	IT	2010	26930	JAN	59190143	T	PPCH_3Y	-0.4
CLV10_EUR_HAB	B1GQ	IT	2011	27020	JAN	59364690	T	PC_POP	62.1
CLV10_EUR_HAB	B1GQ	IT	2011	27020	JAN	59364690	T	PPCH_3Y	-0.8
CLV10_EUR_HAB	B1GQ	IT	2012	26090	JAN	59394207	T	PC_POP	63.5
CLV10_EUR_HAB	B1GQ	IT	2012	26090	JAN	59394207	T	PPCH_3Y	1.2
CLV10_EUR_HAB	B1GQ	IT	2013	25480	JAN	59685227	T	PC_POP	63.4
CLV10_EUR_HAB	B1GQ	IT	2013	25480	JAN	59685227	T	PPCH_3Y	1.4
CLV10_EUR_HAB	B1GQ	IT	2014	25420	JAN	60782668	T	PC_POP	63.9
CLV10_EUR_HAB	B1GQ	IT	2014	25420	JAN	60782668	T	PPCH_3Y	1.8
CLV10_EUR_HAB	B1GQ	IT	2015	25640	JAN	60795612	T	PC_POP	64.0
CLV10_EUR_HAB	B1GQ	IT	2015	25640	JAN	60795612	T	PPCH_3Y	0.5
CLV10_EUR_HAB	B1GQ	IT	2016	26020	JAN	60665551	T	PC_POP	64.9
CLV10_EUR_HAB	B1GQ	IT	2016	26020	JAN	60665551	T	PPCH_3Y	1.5
CLV10_EUR_HAB	B1GQ	IT	2017	26490	JAN	60589445	T	PC_POP	65.4
CLV10_EUR_HAB	B1GQ	IT	2017	26490	JAN	60589445	T	PPCH_3Y	1.5
CLV10_EUR_HAB	B1GQ	IT	2018	26740	JAN	60483973	T	PC_POP	65.6
CLV10_EUR_HAB	B1GQ	IT	2018	26740	JAN	60483973	T	PPCH_3Y	1.6
CLV10_EUR_HAB	B1GQ	IT	2019	26860	JAN	60359546	T	PC_POP	65.7
CLV10_EUR_HAB	B1GQ	IT	2019	26860	JAN	60359546	T	PPCH_3Y	0.8
CLV10_EUR_HAB	B1GQ	LT	2008	10110	JAN	3212605	T	PC_POP	68.4
CLV10_EUR_HAB	B1GQ	LT	2008	10110	JAN	3212605	T	PPCH_3Y	-0.3
CLV10_EUR_HAB	B1GQ	LT	2009	8710	JAN	3183856	T	PC_POP	69.6
CLV10_EUR_HAB	B1GQ	LT	2009	8710	JAN	3183856	T	PPCH_3Y	2.0
CLV10_EUR_HAB	B1GQ	LT	2010	9030	JAN	3141976	T	PC_POP	70.2
CLV10_EUR_HAB	B1GQ	LT	2010	9030	JAN	3141976	T	PPCH_3Y	2.3
CLV10_EUR_HAB	B1GQ	LT	2011	9790	JAN	3052588	T	PC_POP	71.4
CLV10_EUR_HAB	B1GQ	LT	2011	9790	JAN	3052588	T	PPCH_3Y	3.0
CLV10_EUR_HAB	B1GQ	LT	2012	10300	JAN	3003641	T	PC_POP	71.8
CLV10_EUR_HAB	B1GQ	LT	2012	10300	JAN	3003641	T	PPCH_3Y	2.2
CLV10_EUR_HAB	B1GQ	LT	2013	10780	JAN	2971905	T	PC_POP	72.4
CLV10_EUR_HAB	B1GQ	LT	2013	10780	JAN	2971905	T	PPCH_3Y	2.2
CLV10_EUR_HAB	B1GQ	LT	2014	11250	JAN	2943472	T	PC_POP	73.7
CLV10_EUR_HAB	B1GQ	LT	2014	11250	JAN	2943472	T	PPCH_3Y	2.3
CLV10_EUR_HAB	B1GQ	LT	2015	11590	JAN	2921262	T	PC_POP	74.1
CLV10_EUR_HAB	B1GQ	LT	2015	11590	JAN	2921262	T	PPCH_3Y	2.3
CLV10_EUR_HAB	B1GQ	LT	2016	12040	JAN	2888558	T	PC_POP	75.5
CLV10_EUR_HAB	B1GQ	LT	2016	12040	JAN	2888558	T	PPCH_3Y	3.1
CLV10_EUR_HAB	B1GQ	LT	2017	12720	JAN	2847904	T	PC_POP	75.9
CLV10_EUR_HAB	B1GQ	LT	2017	12720	JAN	2847904	T	PPCH_3Y	2.2
CLV10_EUR_HAB	B1GQ	LT	2018	13310	JAN	2808901	T	PC_POP	77.3
CLV10_EUR_HAB	B1GQ	LT	2018	13310	JAN	2808901	T	PPCH_3Y	3.2
CLV10_EUR_HAB	B1GQ	LT	2019	13880	JAN	2794184	T	PC_POP	78.0
CLV10_EUR_HAB	B1GQ	LT	2019	13880	JAN	2794184	T	PPCH_3Y	2.5
CLV10_EUR_HAB	B1GQ	LU	2008	81880	JAN	483799	T	PC_POP	66.8
CLV10_EUR_HAB	B1GQ	LU	2008	81880	JAN	483799	T	PPCH_3Y	0.2
CLV10_EUR_HAB	B1GQ	LU	2009	76900	JAN	493500	T	PC_POP	68.7 b
CLV10_EUR_HAB	B1GQ	LU	2009	76900	JAN	493500	T	PPCH_3Y	2.0 b
CLV10_EUR_HAB	B1GQ	LU	2010	79160	JAN	502066	T	PC_POP	68.2
CLV10_EUR_HAB	B1GQ	LU	2010	79160	JAN	502066	T	PPCH_3Y	1.3 b
CLV10_EUR_HAB	B1GQ	LU	2011	79310	JAN	511840	T	PC_POP	67.9
CLV10_EUR_HAB	B1GQ	LU	2011	79310	JAN	511840	T	PPCH_3Y	1.1
CLV10_EUR_HAB	B1GQ	LU	2012	77240	JAN	524853 b	T	PC_POP	69.4
CLV10_EUR_HAB	B1GQ	LU	2012	77240	JAN	524853 b	T	PPCH_3Y	0.7 b
CLV10_EUR_HAB	B1GQ	LU	2013	78030	JAN	537039	T	PC_POP	69.9
CLV10_EUR_HAB	B1GQ	LU	2013	78030	JAN	537039	T	PPCH_3Y	1.7
CLV10_EUR_HAB	B1GQ	LU	2014	79490	JAN	549680	T	PC_POP	70.8
CLV10_EUR_HAB	B1GQ	LU	2014	79490	JAN	549680	T	PPCH_3Y	2.9
CLV10_EUR_HAB	B1GQ	LU	2015	81300	JAN	562958	T	PC_POP	70.9 b
CLV10_EUR_HAB	B1GQ	LU	2015	81300	JAN	562958	T	PPCH_3Y	1.5 b
CLV10_EUR_HAB	B1GQ	LU	2016	82880	JAN	576249	T	PC_POP	70.0
CLV10_EUR_HAB	B1GQ	LU	2016	82880	JAN	576249	T	PPCH_3Y	0.1
CLV10_EUR_HAB	B1GQ	LU	2017	82550	JAN	590667 b	T	PC_POP	70.2
CLV10_EUR_HAB	B1GQ	LU	2017	82550	JAN	590667 b	T	PPCH_3Y	-0.6
CLV10_EUR_HAB	B1GQ	LU	2018	83470	JAN	602005	T	PC_POP	71.1
CLV10_EUR_HAB	B1GQ	LU	2018	83470	JAN	602005	T	PPCH_3Y	0.2 b
CLV10_EUR_HAB	B1GQ	LU	2019	83640	JAN	613894	T	PC_POP	72.0
CLV10_EUR_HAB	B1GQ	LU	2019	83640	JAN	613894	T	PPCH_3Y	2.0
CLV10_EUR_HAB	B1GQ	LV	2008	9990	JAN	2191810	T	PC_POP	74.2
CLV10_EUR_HAB	B1GQ	LV	2008	9990	JAN	2191810	T	PPCH_3Y	5.1
CLV10_EUR_HAB	B1GQ	LV	2009	8710	JAN	2162834	T	PC_POP	73.5
CLV10_EUR_HAB	B1GQ	LV	2009	8710	JAN	2162834	T	PPCH_3Y	2.5
CLV10_EUR_HAB	B1GQ	LV	2010	8500	JAN	2120504	T	PC_POP	73.0
CLV10_EUR_HAB	B1GQ	LV	2010	8500	JAN	2120504	T	PPCH_3Y	0.4
CLV10_EUR_HAB	B1GQ	LV	2011	9200	JAN	2074605	T	PC_POP	72.8
CLV10_EUR_HAB	B1GQ	LV	2011	9200	JAN	2074605	T	PPCH_3Y	-1.4
CLV10_EUR_HAB	B1GQ	LV	2012	9700	JAN	2044813	T	PC_POP	74.4
CLV10_EUR_HAB	B1GQ	LV	2012	9700	JAN	2044813	T	PPCH_3Y	0.9
CLV10_EUR_HAB	B1GQ	LV	2013	10030	JAN	2023825	T	PC_POP	74.0
CLV10_EUR_HAB	B1GQ	LV	2013	10030	JAN	2023825	T	PPCH_3Y	1.0
CLV10_EUR_HAB	B1GQ	LV	2014	10310	JAN	2001468	T	PC_POP	74.6
CLV10_EUR_HAB	B1GQ	LV	2014	10310	JAN	2001468	T	PPCH_3Y	1.8
CLV10_EUR_HAB	B1GQ	LV	2015	10740	JAN	1986096	T	PC_POP	75.7
CLV10_EUR_HAB	B1GQ	LV	2015	10740	JAN	1986096	T	PPCH_3Y	1.3
CLV10_EUR_HAB	B1GQ	LV	2016	11030	JAN	1968957	T	PC_POP	76.3
CLV10_EUR_HAB	B1GQ	LV	2016	11030	JAN	1968957	T	PPCH_3Y	2.3
CLV10_EUR_HAB	B1GQ	LV	2017	11560	JAN	1950116	T	PC_POP	77.0
CLV10_EUR_HAB	B1GQ	LV	2017	11560	JAN	1950116	T	PPCH_3Y	2.4
CLV10_EUR_HAB	B1GQ	LV	2018	12140	JAN	1934379	T	PC_POP	77.7
CLV10_EUR_HAB	B1GQ	LV	2018	12140	JAN	1934379	T	PPCH_3Y	2.0
CLV10_EUR_HAB	B1GQ	LV	2019	12490	JAN	1919968	T	PC_POP	77.3
CLV10_EUR_HAB	B1GQ	LV	2019	12490	JAN	1919968	T	PPCH_3Y	1.0
CLV10_EUR_HAB	B1GQ	MT	2008	15960	JAN	407832	T	PC_POP	59.1
CLV10_EUR_HAB	B1GQ	MT	2008	15960	JAN	407832	T	PPCH_3Y	1.5 b
CLV10_EUR_HAB	B1GQ	MT	2009	15450	JAN	410926	T	PC_POP	59.4
CLV10_EUR_HAB	B1GQ	MT	2009	15450	JAN	410926	T	PPCH_3Y	1.5
CLV10_EUR_HAB	B1GQ	MT	2010	15920	JAN	414027	T	PC_POP	60.4
CLV10_EUR_HAB	B1GQ	MT	2010	15920	JAN	414027	T	PPCH_3Y	1.6
CLV10_EUR_HAB	B1GQ	MT	2011	16070	JAN	414989	T	PC_POP	61.8
CLV10_EUR_HAB	B1GQ	MT	2011	16070	JAN	414989	T	PPCH_3Y	2.7
CLV10_EUR_HAB	B1GQ	MT	2012	16370	JAN	417546	T	PC_POP	63.9
CLV10_EUR_HAB	B1GQ	MT	2012	16370	JAN	417546	T	PPCH_3Y	4.5
CLV10_EUR_HAB	B1GQ	MT	2013	16920	JAN	422509	T	PC_POP	66.3
CLV10_EUR_HAB	B1GQ	MT	2013	16920	JAN	422509	T	PPCH_3Y	5.9
CLV10_EUR_HAB	B1GQ	MT	2014	18030	JAN	429424	T	PC_POP	67.8
CLV10_EUR_HAB	B1GQ	MT	2014	18030	JAN	429424	T	PPCH_3Y	6.0
CLV10_EUR_HAB	B1GQ	MT	2015	19520	JAN	439691	T	PC_POP	68.8
CLV10_EUR_HAB	B1GQ	MT	2015	19520	JAN	439691	T	PPCH_3Y	4.9
CLV10_EUR_HAB	B1GQ	MT	2016	20190	JAN	450415	T	PC_POP	70.6
CLV10_EUR_HAB	B1GQ	MT	2016	20190	JAN	450415	T	PPCH_3Y	4.3
CLV10_EUR_HAB	B1GQ	MT	2017	20910	JAN	460297	T	PC_POP	72.2
CLV10_EUR_HAB	B1GQ	MT	2017	20910	JAN	460297	T	PPCH_3Y	4.4
CLV10_EUR_HAB	B1GQ	MT	2018	21670	JAN	475701	T	PC_POP	74.7
CLV10_EUR_HAB	B1GQ	MT	2018	21670	JAN	475701	T	PPCH_3Y	5.9
CLV10_EUR_HAB	B1GQ	MT	2019	21890	JAN	493559	T	PC_POP	76.0
CLV10_EUR_HAB	B1GQ	MT	2019	21890	JAN	493559	T	PPCH_3Y	5.4
CLV10_EUR_HAB	B1GQ	NL	2008	39810	JAN	16405399	T	PC_POP	77.8
CLV10_EUR_HAB	B1GQ	NL	2008	39810	JAN	16405399	T	PPCH_3Y	2.7 b
CLV10_EUR_HAB	B1GQ	NL	2009	38160	JAN	16485787	T	PC_POP	78.1
CLV10_EUR_HAB	B1GQ	NL	2009	38160	JAN	16485787	T	PPCH_3Y	2.7
CLV10_EUR_HAB	B1GQ	NL	2010	38470	JAN	16574989	T	PC_POP	77.9
CLV10_EUR_HAB	B1GQ	NL	2010	38470	JAN	16574989	T	PPCH_3Y	1.2
CLV10_EUR_HAB	B1GQ	NL	2011	38880	JAN	16655799	T	PC_POP	78.1
CLV10_EUR_HAB	B1GQ	NL	2011	38880	JAN	16655799	T	PPCH_3Y	0.3
CLV10_EUR_HAB	B1GQ	NL	2012	38340	JAN	16730348	T	PC_POP	79.0
CLV10_EUR_HAB	B1GQ	NL	2012	38340	JAN	16730348	T	PPCH_3Y	0.9
CLV10_EUR_HAB	B1GQ	NL	2013	38180	JAN	16779575	T	PC_POP	79.4
CLV10_EUR_HAB	B1GQ	NL	2013	38180	JAN	16779575	T	PPCH_3Y	1.5
CLV10_EUR_HAB	B1GQ	NL	2014	38580	JAN	16829289	T	PC_POP	79.0
CLV10_EUR_HAB	B1GQ	NL	2014	38580	JAN	16829289	T	PPCH_3Y	0.9
CLV10_EUR_HAB	B1GQ	NL	2015	39170	JAN	16900726	T	PC_POP	79.6
CLV10_EUR_HAB	B1GQ	NL	2015	39170	JAN	16900726	T	PPCH_3Y	0.6
CLV10_EUR_HAB	B1GQ	NL	2016	39810	JAN	16979120	T	PC_POP	79.7
CLV10_EUR_HAB	B1GQ	NL	2016	39810	JAN	16979120	T	PPCH_3Y	0.3
CLV10_EUR_HAB	B1GQ	NL	2017	40730	JAN	17081507	T	PC_POP	79.7
CLV10_EUR_HAB	B1GQ	NL	2017	40730	JAN	17081507	T	PPCH_3Y	0.7
CLV10_EUR_HAB	B1GQ	NL	2018	41540	JAN	17181084	T	PC_POP	80.3
CLV10_EUR_HAB	B1GQ	NL	2018	41540	JAN	17181084	T	PPCH_3Y	0.7
CLV10_EUR_HAB	B1GQ	NL	2019	42020	JAN	17282163	T	PC_POP	80.9
CLV10_EUR_HAB	B1GQ	NL	2019	42020	JAN	17282163	T	PPCH_3Y	1.2
CLV10_EUR_HAB	B1GQ	PL	2008	8910	JAN	38115641	T	PC_POP	63.8
CLV10_EUR_HAB	B1GQ	PL	2008	8910	JAN	38115641	T	PPCH_3Y	-0.6
CLV10_EUR_HAB	B1GQ	PL	2009	9070	JAN	38135876	T	PC_POP	64.7
CLV10_EUR_HAB	B1GQ	PL	2009	9070	JAN	38135876	T	PPCH_3Y	1.3
CLV10_EUR_HAB	B1GQ	PL	2010	9390	JAN	38022869 b	T	PC_POP	65.3 b
CLV10_EUR_HAB	B1GQ	PL	2010	9390	JAN	38022869 b	T	PPCH_3Y	2.1 b
CLV10_EUR_HAB	B1GQ	PL	2011	9860	JAN	38062718	T	PC_POP	65.7
CLV10_EUR_HAB	B1GQ	PL	2011	9860	JAN	38062718	T	PPCH_3Y	1.9
CLV10_EUR_HAB	B1GQ	PL	2012	10020	JAN	38063792	T	PC_POP	66.5
CLV10_EUR_HAB	B1GQ	PL	2012	10020	JAN	38063792	T	PPCH_3Y	1.8
CLV10_EUR_HAB	B1GQ	PL	2013	10170	JAN	38062535	T	PC_POP	67.0
CLV10_EUR_HAB	B1GQ	PL	2013	10170	JAN	38062535	T	PPCH_3Y	1.7 b
CLV10_EUR_HAB	B1GQ	PL	2014	10510	JAN	38017856	T	PC_POP	67.9
CLV10_EUR_HAB	B1GQ	PL	2014	10510	JAN	38017856	T	PPCH_3Y	2.2
CLV10_EUR_HAB	B1GQ	PL	2015	10920	JAN	38005614	T	PC_POP	68.1
CLV10_EUR_HAB	B1GQ	PL	2015	10920	JAN	38005614	T	PPCH_3Y	1.6
CLV10_EUR_HAB	B1GQ	PL	2016	11260	JAN	37967209	T	PC_POP	68.8
CLV10_EUR_HAB	B1GQ	PL	2016	11260	JAN	37967209	T	PPCH_3Y	1.8
CLV10_EUR_HAB	B1GQ	PL	2017	11820	JAN	37972964	T	PC_POP	69.6
CLV10_EUR_HAB	B1GQ	PL	2017	11820	JAN	37972964	T	PPCH_3Y	1.7
CLV10_EUR_HAB	B1GQ	PL	2018	NA	JAN	37976687	T	PC_POP	70.1
CLV10_EUR_HAB	B1GQ	PL	2018	NA	JAN	37976687	T	PPCH_3Y	2.0
CLV10_EUR_HAB	B1GQ	PL	2019	NA	JAN	37972812	T	PC_POP	70.6
CLV10_EUR_HAB	B1GQ	PL	2019	NA	JAN	37972812	T	PPCH_3Y	1.8
CLV10_EUR_HAB	B1GQ	PT	2008	17260	JAN	10553339	T	PC_POP	73.9
CLV10_EUR_HAB	B1GQ	PT	2008	17260	JAN	10553339	T	PPCH_3Y	0.7
CLV10_EUR_HAB	B1GQ	PT	2009	16710	JAN	10563014	T	PC_POP	73.4
CLV10_EUR_HAB	B1GQ	PT	2009	16710	JAN	10563014	T	PPCH_3Y	-0.2
CLV10_EUR_HAB	B1GQ	PT	2010	16990	JAN	10573479	T	PC_POP	73.7
CLV10_EUR_HAB	B1GQ	PT	2010	16990	JAN	10573479	T	PPCH_3Y	-0.2
CLV10_EUR_HAB	B1GQ	PT	2011	16720	JAN	10572721	T	PC_POP	73.6 b
CLV10_EUR_HAB	B1GQ	PT	2011	16720	JAN	10572721	T	PPCH_3Y	-0.3 b
CLV10_EUR_HAB	B1GQ	PT	2012	16110	JAN	10542398	T	PC_POP	73.4
CLV10_EUR_HAB	B1GQ	PT	2012	16110	JAN	10542398	T	PPCH_3Y	0.0
CLV10_EUR_HAB	B1GQ	PT	2013	16050	JAN	10487289	T	PC_POP	73.0
CLV10_EUR_HAB	B1GQ	PT	2013	16050	JAN	10487289	T	PPCH_3Y	-0.7
CLV10_EUR_HAB	B1GQ	PT	2014	16260	JAN	10427301	T	PC_POP	73.2
CLV10_EUR_HAB	B1GQ	PT	2014	16260	JAN	10427301	T	PPCH_3Y	-0.4 b
CLV10_EUR_HAB	B1GQ	PT	2015	16620	JAN	10374822	T	PC_POP	73.4
CLV10_EUR_HAB	B1GQ	PT	2015	16620	JAN	10374822	T	PPCH_3Y	0.0
CLV10_EUR_HAB	B1GQ	PT	2016	17010	JAN	10341330	T	PC_POP	73.7
CLV10_EUR_HAB	B1GQ	PT	2016	17010	JAN	10341330	T	PPCH_3Y	0.7
CLV10_EUR_HAB	B1GQ	PT	2017	17650	JAN	10309573	T	PC_POP	74.7
CLV10_EUR_HAB	B1GQ	PT	2017	17650	JAN	10309573	T	PPCH_3Y	1.5
CLV10_EUR_HAB	B1GQ	PT	2018	18150	JAN	10291027	T	PC_POP	75.1
CLV10_EUR_HAB	B1GQ	PT	2018	18150	JAN	10291027	T	PPCH_3Y	1.7
CLV10_EUR_HAB	B1GQ	PT	2019	18550	JAN	10276617	T	PC_POP	75.5
CLV10_EUR_HAB	B1GQ	PT	2019	18550	JAN	10276617	T	PPCH_3Y	1.8
CLV10_EUR_HAB	B1GQ	RO	2008	6730	JAN	20635460	T	PC_POP	62.9
CLV10_EUR_HAB	B1GQ	RO	2008	6730	JAN	20635460	T	PPCH_3Y	0.6
CLV10_EUR_HAB	B1GQ	RO	2009	6410	JAN	20440290	T	PC_POP	63.1
CLV10_EUR_HAB	B1GQ	RO	2009	6410	JAN	20440290	T	PPCH_3Y	-0.5
CLV10_EUR_HAB	B1GQ	RO	2010	6190	JAN	20294683	T	PC_POP	64.9
CLV10_EUR_HAB	B1GQ	RO	2010	6190	JAN	20294683	T	PPCH_3Y	1.9
CLV10_EUR_HAB	B1GQ	RO	2011	6350	JAN	20199059	T	PC_POP	64.1
CLV10_EUR_HAB	B1GQ	RO	2011	6350	JAN	20199059	T	PPCH_3Y	1.2
CLV10_EUR_HAB	B1GQ	RO	2012	6510	JAN	20095996	T	PC_POP	64.8
CLV10_EUR_HAB	B1GQ	RO	2012	6510	JAN	20095996	T	PPCH_3Y	1.7
CLV10_EUR_HAB	B1GQ	RO	2013	6760	JAN	20020074	T	PC_POP	64.9
CLV10_EUR_HAB	B1GQ	RO	2013	6760	JAN	20020074	T	PPCH_3Y	0.0
CLV10_EUR_HAB	B1GQ	RO	2014	7020	JAN	19947311	T	PC_POP	65.7
CLV10_EUR_HAB	B1GQ	RO	2014	7020	JAN	19947311	T	PPCH_3Y	1.6
CLV10_EUR_HAB	B1GQ	RO	2015	7320	JAN	19870647	T	PC_POP	66.1
CLV10_EUR_HAB	B1GQ	RO	2015	7320	JAN	19870647	T	PPCH_3Y	1.3
CLV10_EUR_HAB	B1GQ	RO	2016	7720	JAN	19760585	T	PC_POP	65.6
CLV10_EUR_HAB	B1GQ	RO	2016	7720	JAN	19760585	T	PPCH_3Y	0.7
CLV10_EUR_HAB	B1GQ	RO	2017	8320	JAN	19643949	T	PC_POP	67.3
CLV10_EUR_HAB	B1GQ	RO	2017	8320	JAN	19643949	T	PPCH_3Y	1.6
CLV10_EUR_HAB	B1GQ	RO	2018	8740	JAN	19530631	T	PC_POP	67.8
CLV10_EUR_HAB	B1GQ	RO	2018	8740	JAN	19530631	T	PPCH_3Y	1.7
CLV10_EUR_HAB	B1GQ	RO	2019	9130	JAN	19414458	T	PC_POP	68.6
CLV10_EUR_HAB	B1GQ	RO	2019	9130	JAN	19414458	T	PPCH_3Y	3.0
CLV10_EUR_HAB	B1GQ	SE	2008	39930	JAN	9182927	T	PC_POP	79.3
CLV10_EUR_HAB	B1GQ	SE	2008	39930	JAN	9182927	T	PPCH_3Y	1.1 b
CLV10_EUR_HAB	B1GQ	SE	2009	37910	JAN	9256347	T	PC_POP	78.9
CLV10_EUR_HAB	B1GQ	SE	2009	37910	JAN	9256347	T	PPCH_3Y	0.1
CLV10_EUR_HAB	B1GQ	SE	2010	39920	JAN	9340682	T	PC_POP	79.1
CLV10_EUR_HAB	B1GQ	SE	2010	39920	JAN	9340682	T	PPCH_3Y	0.0
CLV10_EUR_HAB	B1GQ	SE	2011	40820	JAN	9415570	T	PC_POP	79.9
CLV10_EUR_HAB	B1GQ	SE	2011	40820	JAN	9415570	T	PPCH_3Y	0.6
CLV10_EUR_HAB	B1GQ	SE	2012	40270	JAN	9482855	T	PC_POP	80.3
CLV10_EUR_HAB	B1GQ	SE	2012	40270	JAN	9482855	T	PPCH_3Y	1.4
CLV10_EUR_HAB	B1GQ	SE	2013	40360	JAN	9555893	T	PC_POP	81.1
CLV10_EUR_HAB	B1GQ	SE	2013	40360	JAN	9555893	T	PPCH_3Y	2.0
CLV10_EUR_HAB	B1GQ	SE	2014	41060	JAN	9644864	T	PC_POP	81.5
CLV10_EUR_HAB	B1GQ	SE	2014	41060	JAN	9644864	T	PPCH_3Y	1.6
CLV10_EUR_HAB	B1GQ	SE	2015	42430	JAN	9747355	T	PC_POP	81.7
CLV10_EUR_HAB	B1GQ	SE	2015	42430	JAN	9747355	T	PPCH_3Y	1.4
CLV10_EUR_HAB	B1GQ	SE	2016	42910	JAN	9851017	T	PC_POP	82.1
CLV10_EUR_HAB	B1GQ	SE	2016	42910	JAN	9851017	T	PPCH_3Y	1.0
CLV10_EUR_HAB	B1GQ	SE	2017	43350	JAN	9995153	T	PC_POP	82.5
CLV10_EUR_HAB	B1GQ	SE	2017	43350	JAN	9995153	T	PPCH_3Y	1.0
CLV10_EUR_HAB	B1GQ	SE	2018	43810	JAN	10120242	T	PC_POP	82.7 b
CLV10_EUR_HAB	B1GQ	SE	2018	43810	JAN	10120242	T	PPCH_3Y	1.0 b
CLV10_EUR_HAB	B1GQ	SE	2019	43900	JAN	10230185	T	PC_POP	82.9
CLV10_EUR_HAB	B1GQ	SE	2019	43900	JAN	10230185	T	PPCH_3Y	0.8
CLV10_EUR_HAB	B1GQ	SI	2008	19190	JAN	2010269 b	T	PC_POP	71.8
CLV10_EUR_HAB	B1GQ	SI	2008	19190	JAN	2010269 b	T	PPCH_3Y	1.1
CLV10_EUR_HAB	B1GQ	SI	2009	17570	JAN	2032362	T	PC_POP	71.8
CLV10_EUR_HAB	B1GQ	SI	2009	17570	JAN	2032362	T	PPCH_3Y	0.9
CLV10_EUR_HAB	B1GQ	SI	2010	17750	JAN	2046976	T	PC_POP	71.5
CLV10_EUR_HAB	B1GQ	SI	2010	17750	JAN	2046976	T	PPCH_3Y	0.2
CLV10_EUR_HAB	B1GQ	SI	2011	17870	JAN	2050189	T	PC_POP	70.3
CLV10_EUR_HAB	B1GQ	SI	2011	17870	JAN	2050189	T	PPCH_3Y	-1.5
CLV10_EUR_HAB	B1GQ	SI	2012	17360	JAN	2055496	T	PC_POP	70.4
CLV10_EUR_HAB	B1GQ	SI	2012	17360	JAN	2055496	T	PPCH_3Y	-1.4
CLV10_EUR_HAB	B1GQ	SI	2013	17160	JAN	2058821	T	PC_POP	70.5
CLV10_EUR_HAB	B1GQ	SI	2013	17160	JAN	2058821	T	PPCH_3Y	-1.0
CLV10_EUR_HAB	B1GQ	SI	2014	17620	JAN	2061085	T	PC_POP	70.9
CLV10_EUR_HAB	B1GQ	SI	2014	17620	JAN	2061085	T	PPCH_3Y	0.6
CLV10_EUR_HAB	B1GQ	SI	2015	17990	JAN	2062874	T	PC_POP	71.8
CLV10_EUR_HAB	B1GQ	SI	2015	17990	JAN	2062874	T	PPCH_3Y	1.4
CLV10_EUR_HAB	B1GQ	SI	2016	18540	JAN	2064188	T	PC_POP	71.6
CLV10_EUR_HAB	B1GQ	SI	2016	18540	JAN	2064188	T	PPCH_3Y	1.1
CLV10_EUR_HAB	B1GQ	SI	2017	19430	JAN	2065895	T	PC_POP	74.2
CLV10_EUR_HAB	B1GQ	SI	2017	19430	JAN	2065895	T	PPCH_3Y	3.3
CLV10_EUR_HAB	B1GQ	SI	2018	20170	JAN	2066880	T	PC_POP	75.0
CLV10_EUR_HAB	B1GQ	SI	2018	20170	JAN	2066880	T	PPCH_3Y	3.2
CLV10_EUR_HAB	B1GQ	SI	2019	20490	JAN	2080908	T	PC_POP	75.2
CLV10_EUR_HAB	B1GQ	SI	2019	20490	JAN	2080908	T	PPCH_3Y	3.6
CLV10_EUR_HAB	B1GQ	SK	2008	12600	JAN	5376064	T	PC_POP	68.8
CLV10_EUR_HAB	B1GQ	SK	2008	12600	JAN	5376064	T	PPCH_3Y	-0.1
CLV10_EUR_HAB	B1GQ	SK	2009	11890	JAN	5382401	T	PC_POP	68.4
CLV10_EUR_HAB	B1GQ	SK	2009	11890	JAN	5382401	T	PPCH_3Y	-0.2
CLV10_EUR_HAB	B1GQ	SK	2010	12540	JAN	5390410	T	PC_POP	68.7
CLV10_EUR_HAB	B1GQ	SK	2010	12540	JAN	5390410	T	PPCH_3Y	0.4
CLV10_EUR_HAB	B1GQ	SK	2011	12980	JAN	5392446	T	PC_POP	68.7 b
CLV10_EUR_HAB	B1GQ	SK	2011	12980	JAN	5392446	T	PPCH_3Y	-0.1 b
CLV10_EUR_HAB	B1GQ	SK	2012	13200	JAN	5404322	T	PC_POP	69.4
CLV10_EUR_HAB	B1GQ	SK	2012	13200	JAN	5404322	T	PPCH_3Y	1.0
CLV10_EUR_HAB	B1GQ	SK	2013	13270	JAN	5410836	T	PC_POP	69.9
CLV10_EUR_HAB	B1GQ	SK	2013	13270	JAN	5410836	T	PPCH_3Y	1.2
CLV10_EUR_HAB	B1GQ	SK	2014	13620	JAN	5415949	T	PC_POP	70.3
CLV10_EUR_HAB	B1GQ	SK	2014	13620	JAN	5415949	T	PPCH_3Y	1.6 b
CLV10_EUR_HAB	B1GQ	SK	2015	14270	JAN	5421349	T	PC_POP	70.9
CLV10_EUR_HAB	B1GQ	SK	2015	14270	JAN	5421349	T	PPCH_3Y	1.5
CLV10_EUR_HAB	B1GQ	SK	2016	14550	JAN	5426252	T	PC_POP	71.9
CLV10_EUR_HAB	B1GQ	SK	2016	14550	JAN	5426252	T	PPCH_3Y	2.0
CLV10_EUR_HAB	B1GQ	SK	2017	14970	JAN	5435343	T	PC_POP	72.1
CLV10_EUR_HAB	B1GQ	SK	2017	14970	JAN	5435343	T	PPCH_3Y	1.8
CLV10_EUR_HAB	B1GQ	SK	2018	15560	JAN	5443120	T	PC_POP	72.4
CLV10_EUR_HAB	B1GQ	SK	2018	15560	JAN	5443120	T	PPCH_3Y	1.5
CLV10_EUR_HAB	B1GQ	SK	2019	15890	JAN	5450421	T	PC_POP	72.7
CLV10_EUR_HAB	B1GQ	SK	2019	15890	JAN	5450421	T	PPCH_3Y	0.8
CLV10_EUR_HAB	B1GQ	UK	2008	30940	JAN	61571647	T	PC_POP	75.8 b
CLV10_EUR_HAB	B1GQ	UK	2008	30940	JAN	61571647	T	PPCH_3Y	0.4 b
CLV10_EUR_HAB	B1GQ	UK	2009	29420	JAN	62042343	T	PC_POP	75.7
CLV10_EUR_HAB	B1GQ	UK	2009	29420	JAN	62042343	T	PPCH_3Y	0.0
CLV10_EUR_HAB	B1GQ	UK	2010	29750	JAN	62510197	T	PC_POP	75.4
CLV10_EUR_HAB	B1GQ	UK	2010	29750	JAN	62510197	T	PPCH_3Y	-0.1 b
CLV10_EUR_HAB	B1GQ	UK	2011	29960	JAN	63022532	T	PC_POP	75.5
CLV10_EUR_HAB	B1GQ	UK	2011	29960	JAN	63022532	T	PPCH_3Y	-0.3 b
CLV10_EUR_HAB	B1GQ	UK	2012	30200	JAN	63495088	T	PC_POP	76.1
CLV10_EUR_HAB	B1GQ	UK	2012	30200	JAN	63495088	T	PPCH_3Y	0.4
CLV10_EUR_HAB	B1GQ	UK	2013	30660	JAN	63905342	T	PC_POP	76.4
CLV10_EUR_HAB	B1GQ	UK	2013	30660	JAN	63905342	T	PPCH_3Y	1.0
CLV10_EUR_HAB	B1GQ	UK	2014	31220	JAN	64351203	T	PC_POP	76.7
CLV10_EUR_HAB	B1GQ	UK	2014	31220	JAN	64351203	T	PPCH_3Y	1.2
CLV10_EUR_HAB	B1GQ	UK	2015	31700	JAN	64853393	T	PC_POP	76.9
CLV10_EUR_HAB	B1GQ	UK	2015	31700	JAN	64853393	T	PPCH_3Y	0.8
CLV10_EUR_HAB	B1GQ	UK	2016	32050	JAN	65379044	T	PC_POP	77.3
CLV10_EUR_HAB	B1GQ	UK	2016	32050	JAN	65379044	T	PPCH_3Y	0.9
CLV10_EUR_HAB	B1GQ	UK	2017	32460	JAN	65844142	T	PC_POP	77.6
CLV10_EUR_HAB	B1GQ	UK	2017	32460	JAN	65844142	T	PPCH_3Y	0.9
CLV10_EUR_HAB	B1GQ	UK	2018	32700	JAN	66273576	T	PC_POP	77.9
CLV10_EUR_HAB	B1GQ	UK	2018	32700	JAN	66273576	T	PPCH_3Y	1.0
CLV10_EUR_HAB	B1GQ	UK	2019	32960	JAN	66647112	T	PC_POP	78.1
CLV10_EUR_HAB	B1GQ	UK	2019	32960	JAN	66647112	T	PPCH_3Y	0.8
CLV_PCH_PRE_HAB	B1GQ	AT	2008	1.1	JAN	8307989	T	PC_POP	73.9
CLV_PCH_PRE_HAB	B1GQ	AT	2008	1.1	JAN	8307989	T	PPCH_3Y	2.5
CLV_PCH_PRE_HAB	B1GQ	AT	2009	-4	JAN	8335003	T	PC_POP	74.3
CLV_PCH_PRE_HAB	B1GQ	AT	2009	-4	JAN	8335003	T	PPCH_3Y	1.9
CLV_PCH_PRE_HAB	B1GQ	AT	2010	1.6	JAN	8351643	T	PC_POP	74.4
CLV_PCH_PRE_HAB	B1GQ	AT	2010	1.6	JAN	8351643	T	PPCH_3Y	0.9 b
CLV_PCH_PRE_HAB	B1GQ	AT	2011	2.6	JAN	8375164	T	PC_POP	74.6
CLV_PCH_PRE_HAB	B1GQ	AT	2011	2.6	JAN	8375164	T	PPCH_3Y	0.7
CLV_PCH_PRE_HAB	B1GQ	AT	2012	0.2	JAN	8408121	T	PC_POP	75.1
CLV_PCH_PRE_HAB	B1GQ	AT	2012	0.2	JAN	8408121	T	PPCH_3Y	0.8
CLV_PCH_PRE_HAB	B1GQ	AT	2013	-0.6	JAN	8451860	T	PC_POP	75.5
CLV_PCH_PRE_HAB	B1GQ	AT	2013	-0.6	JAN	8451860	T	PPCH_3Y	1.1
CLV_PCH_PRE_HAB	B1GQ	AT	2014	-0.1	JAN	8507786	T	PC_POP	75.4
CLV_PCH_PRE_HAB	B1GQ	AT	2014	-0.1	JAN	8507786	T	PPCH_3Y	0.8
CLV_PCH_PRE_HAB	B1GQ	AT	2015	0	JAN	8584926	T	PC_POP	75.5
CLV_PCH_PRE_HAB	B1GQ	AT	2015	0	JAN	8584926	T	PPCH_3Y	0.4
CLV_PCH_PRE_HAB	B1GQ	AT	2016	0.8	JAN	8700471	T	PC_POP	76.2
CLV_PCH_PRE_HAB	B1GQ	AT	2016	0.8	JAN	8700471	T	PPCH_3Y	0.7
CLV_PCH_PRE_HAB	B1GQ	AT	2017	1.8	JAN	8772865	T	PC_POP	76.4
CLV_PCH_PRE_HAB	B1GQ	AT	2017	1.8	JAN	8772865	T	PPCH_3Y	1.0
CLV_PCH_PRE_HAB	B1GQ	AT	2018	1.9	JAN	8822267	T	PC_POP	76.8
CLV_PCH_PRE_HAB	B1GQ	AT	2018	1.9	JAN	8822267	T	PPCH_3Y	1.3
CLV_PCH_PRE_HAB	B1GQ	AT	2019	1.2	JAN	8858775	T	PC_POP	77.1
CLV_PCH_PRE_HAB	B1GQ	AT	2019	1.2	JAN	8858775	T	PPCH_3Y	0.9
CLV_PCH_PRE_HAB	B1GQ	BE	2008	-0.3	JAN	10666866	T	PC_POP	67.1
CLV_PCH_PRE_HAB	B1GQ	BE	2008	-0.3	JAN	10666866	T	PPCH_3Y	0.4
CLV_PCH_PRE_HAB	B1GQ	BE	2009	-2.8	JAN	10753080	T	PC_POP	66.9
CLV_PCH_PRE_HAB	B1GQ	BE	2009	-2.8	JAN	10753080	T	PPCH_3Y	0.4
CLV_PCH_PRE_HAB	B1GQ	BE	2010	1.9	JAN	10839905	T	PC_POP	67.7
CLV_PCH_PRE_HAB	B1GQ	BE	2010	1.9	JAN	10839905	T	PPCH_3Y	0.6
CLV_PCH_PRE_HAB	B1GQ	BE	2011	0.4	JAN	11000638 b	T	PC_POP	66.7
CLV_PCH_PRE_HAB	B1GQ	BE	2011	0.4	JAN	11000638 b	T	PPCH_3Y	-0.4
CLV_PCH_PRE_HAB	B1GQ	BE	2012	0.1	JAN	11075889 b	T	PC_POP	66.9
CLV_PCH_PRE_HAB	B1GQ	BE	2012	0.1	JAN	11075889 b	T	PPCH_3Y	0.0
CLV_PCH_PRE_HAB	B1GQ	BE	2013	0	JAN	11137974	T	PC_POP	67.5
CLV_PCH_PRE_HAB	B1GQ	BE	2013	0	JAN	11137974	T	PPCH_3Y	-0.2
CLV_PCH_PRE_HAB	B1GQ	BE	2014	1.1	JAN	11180840	T	PC_POP	67.7
CLV_PCH_PRE_HAB	B1GQ	BE	2014	1.1	JAN	11180840	T	PPCH_3Y	1.0
CLV_PCH_PRE_HAB	B1GQ	BE	2015	1.4	JAN	11237274	T	PC_POP	67.6
CLV_PCH_PRE_HAB	B1GQ	BE	2015	1.4	JAN	11237274	T	PPCH_3Y	0.7
CLV_PCH_PRE_HAB	B1GQ	BE	2016	1	JAN	11311117	T	PC_POP	67.6
CLV_PCH_PRE_HAB	B1GQ	BE	2016	1	JAN	11311117	T	PPCH_3Y	0.1
CLV_PCH_PRE_HAB	B1GQ	BE	2017	1.6	JAN	11351727	T	PC_POP	68.0 b
CLV_PCH_PRE_HAB	B1GQ	BE	2017	1.6	JAN	11351727	T	PPCH_3Y	0.3 b
CLV_PCH_PRE_HAB	B1GQ	BE	2018	1	JAN	11398589	T	PC_POP	68.6
CLV_PCH_PRE_HAB	B1GQ	BE	2018	1	JAN	11398589	T	PPCH_3Y	1.0
CLV_PCH_PRE_HAB	B1GQ	BE	2019	0.9	JAN	11455519	T	PC_POP	69.0
CLV_PCH_PRE_HAB	B1GQ	BE	2019	0.9	JAN	11455519	T	PPCH_3Y	1.4
CLV_PCH_PRE_HAB	B1GQ	BG	2008	6.6	JAN	7518002	T	PC_POP	67.8
CLV_PCH_PRE_HAB	B1GQ	BG	2008	6.6	JAN	7518002	T	PPCH_3Y	5.7
CLV_PCH_PRE_HAB	B1GQ	BG	2009	-2.9	JAN	7467119	T	PC_POP	67.2
CLV_PCH_PRE_HAB	B1GQ	BG	2009	-2.9	JAN	7467119	T	PPCH_3Y	2.7
CLV_PCH_PRE_HAB	B1GQ	BG	2010	1.2	JAN	7421766	T	PC_POP	66.7 b
CLV_PCH_PRE_HAB	B1GQ	BG	2010	1.2	JAN	7421766	T	PPCH_3Y	0.4 b
CLV_PCH_PRE_HAB	B1GQ	BG	2011	4.9	JAN	7369431	T	PC_POP	65.9 b
CLV_PCH_PRE_HAB	B1GQ	BG	2011	4.9	JAN	7369431	T	PPCH_3Y	-1.9 b
CLV_PCH_PRE_HAB	B1GQ	BG	2012	0.9	JAN	7327224	T	PC_POP	67.1
CLV_PCH_PRE_HAB	B1GQ	BG	2012	0.9	JAN	7327224	T	PPCH_3Y	-0.1
CLV_PCH_PRE_HAB	B1GQ	BG	2013	0.9	JAN	7284552	T	PC_POP	68.4
CLV_PCH_PRE_HAB	B1GQ	BG	2013	0.9	JAN	7284552	T	PPCH_3Y	1.7 b
CLV_PCH_PRE_HAB	B1GQ	BG	2014	2.5	JAN	7245677	T	PC_POP	69.0
CLV_PCH_PRE_HAB	B1GQ	BG	2014	2.5	JAN	7245677	T	PPCH_3Y	3.1 b
CLV_PCH_PRE_HAB	B1GQ	BG	2015	4.7	JAN	7202198	T	PC_POP	69.3
CLV_PCH_PRE_HAB	B1GQ	BG	2015	4.7	JAN	7202198	T	PPCH_3Y	2.2
CLV_PCH_PRE_HAB	B1GQ	BG	2016	4.5	JAN	7153784	T	PC_POP	68.7
CLV_PCH_PRE_HAB	B1GQ	BG	2016	4.5	JAN	7153784	T	PPCH_3Y	0.3
CLV_PCH_PRE_HAB	B1GQ	BG	2017	4.3	JAN	7101859	T	PC_POP	71.3
CLV_PCH_PRE_HAB	B1GQ	BG	2017	4.3	JAN	7101859	T	PPCH_3Y	2.3
CLV_PCH_PRE_HAB	B1GQ	BG	2018	3.8	JAN	7050034	T	PC_POP	71.5
CLV_PCH_PRE_HAB	B1GQ	BG	2018	3.8	JAN	7050034	T	PPCH_3Y	2.2
CLV_PCH_PRE_HAB	B1GQ	BG	2019	3.9	JAN	7000039	T	PC_POP	73.2
CLV_PCH_PRE_HAB	B1GQ	BG	2019	3.9	JAN	7000039	T	PPCH_3Y	4.5
CLV_PCH_PRE_HAB	B1GQ	CY	2008	1.1	JAN	776333	T	PC_POP	73.6
CLV_PCH_PRE_HAB	B1GQ	CY	2008	1.1	JAN	776333	T	PPCH_3Y	1.2
CLV_PCH_PRE_HAB	B1GQ	CY	2009	-4.6	JAN	796930	T	PC_POP	73.0 b
CLV_PCH_PRE_HAB	B1GQ	CY	2009	-4.6	JAN	796930	T	PPCH_3Y	0.0 b
CLV_PCH_PRE_HAB	B1GQ	CY	2010	-0.6	JAN	819140	T	PC_POP	73.6
CLV_PCH_PRE_HAB	B1GQ	CY	2010	-0.6	JAN	819140	T	PPCH_3Y	-0.3
CLV_PCH_PRE_HAB	B1GQ	CY	2011	-2.1	JAN	839751	T	PC_POP	73.5
CLV_PCH_PRE_HAB	B1GQ	CY	2011	-2.1	JAN	839751	T	PPCH_3Y	-0.1
CLV_PCH_PRE_HAB	B1GQ	CY	2012	-4.9	JAN	862011	T	PC_POP	73.5
CLV_PCH_PRE_HAB	B1GQ	CY	2012	-4.9	JAN	862011	T	PPCH_3Y	0.5 b
CLV_PCH_PRE_HAB	B1GQ	CY	2013	-6.3	JAN	865878	T	PC_POP	73.6
CLV_PCH_PRE_HAB	B1GQ	CY	2013	-6.3	JAN	865878	T	PPCH_3Y	0.0
CLV_PCH_PRE_HAB	B1GQ	CY	2014	-0.8	JAN	858000	T	PC_POP	74.3
CLV_PCH_PRE_HAB	B1GQ	CY	2014	-0.8	JAN	858000	T	PPCH_3Y	0.8
CLV_PCH_PRE_HAB	B1GQ	CY	2015	4	JAN	847008	T	PC_POP	73.9
CLV_PCH_PRE_HAB	B1GQ	CY	2015	4	JAN	847008	T	PPCH_3Y	0.4
CLV_PCH_PRE_HAB	B1GQ	CY	2016	6.3	JAN	848319	T	PC_POP	73.4
CLV_PCH_PRE_HAB	B1GQ	CY	2016	6.3	JAN	848319	T	PPCH_3Y	-0.2
CLV_PCH_PRE_HAB	B1GQ	CY	2017	3.4	JAN	854802	T	PC_POP	73.9
CLV_PCH_PRE_HAB	B1GQ	CY	2017	3.4	JAN	854802	T	PPCH_3Y	-0.4
CLV_PCH_PRE_HAB	B1GQ	CY	2018	2.8	JAN	864236	T	PC_POP	75.0
CLV_PCH_PRE_HAB	B1GQ	CY	2018	2.8	JAN	864236	T	PPCH_3Y	1.1
CLV_PCH_PRE_HAB	B1GQ	CY	2019	2	JAN	875899	T	PC_POP	76.0
CLV_PCH_PRE_HAB	B1GQ	CY	2019	2	JAN	875899	T	PPCH_3Y	2.6
CLV_PCH_PRE_HAB	B1GQ	CZ	2008	1.6	JAN	10343422	T	PC_POP	69.7
CLV_PCH_PRE_HAB	B1GQ	CZ	2008	1.6	JAN	10343422	T	PPCH_3Y	-0.7
CLV_PCH_PRE_HAB	B1GQ	CZ	2009	-5.4	JAN	10425783	T	PC_POP	70.1
CLV_PCH_PRE_HAB	B1GQ	CZ	2009	-5.4	JAN	10425783	T	PPCH_3Y	-0.2
CLV_PCH_PRE_HAB	B1GQ	CZ	2010	2	JAN	10462088	T	PC_POP	70.2
CLV_PCH_PRE_HAB	B1GQ	CZ	2010	2	JAN	10462088	T	PPCH_3Y	0.3
CLV_PCH_PRE_HAB	B1GQ	CZ	2011	2	JAN	10486731	T	PC_POP	70.5 b
CLV_PCH_PRE_HAB	B1GQ	CZ	2011	2	JAN	10486731	T	PPCH_3Y	0.8 b
CLV_PCH_PRE_HAB	B1GQ	CZ	2012	-0.9	JAN	10505445	T	PC_POP	71.6
CLV_PCH_PRE_HAB	B1GQ	CZ	2012	-0.9	JAN	10505445	T	PPCH_3Y	1.5
CLV_PCH_PRE_HAB	B1GQ	CZ	2013	-0.5	JAN	10516125	T	PC_POP	72.9
CLV_PCH_PRE_HAB	B1GQ	CZ	2013	-0.5	JAN	10516125	T	PPCH_3Y	2.7
CLV_PCH_PRE_HAB	B1GQ	CZ	2014	2.6	JAN	10512419	T	PC_POP	73.5
CLV_PCH_PRE_HAB	B1GQ	CZ	2014	2.6	JAN	10512419	T	PPCH_3Y	3.0 b
CLV_PCH_PRE_HAB	B1GQ	CZ	2015	5.1	JAN	10538275	T	PC_POP	74.0
CLV_PCH_PRE_HAB	B1GQ	CZ	2015	5.1	JAN	10538275	T	PPCH_3Y	2.4
CLV_PCH_PRE_HAB	B1GQ	CZ	2016	2.2	JAN	10553843	T	PC_POP	75.0
CLV_PCH_PRE_HAB	B1GQ	CZ	2016	2.2	JAN	10553843	T	PPCH_3Y	2.1
CLV_PCH_PRE_HAB	B1GQ	CZ	2017	4.1	JAN	10578820	T	PC_POP	75.9
CLV_PCH_PRE_HAB	B1GQ	CZ	2017	4.1	JAN	10578820	T	PPCH_3Y	2.4
CLV_PCH_PRE_HAB	B1GQ	CZ	2018	2.5	JAN	10610055	T	PC_POP	76.6
CLV_PCH_PRE_HAB	B1GQ	CZ	2018	2.5	JAN	10610055	T	PPCH_3Y	2.6
CLV_PCH_PRE_HAB	B1GQ	CZ	2019	2.2	JAN	10649800	T	PC_POP	76.7
CLV_PCH_PRE_HAB	B1GQ	CZ	2019	2.2	JAN	10649800	T	PPCH_3Y	1.7
CLV_PCH_PRE_HAB	B1GQ	DE	2008	1.2	JAN	82217837	T	PC_POP	75.9
CLV_PCH_PRE_HAB	B1GQ	DE	2008	1.2	JAN	82217837	T	PPCH_3Y	2.1 b
CLV_PCH_PRE_HAB	B1GQ	DE	2009	-5.4	JAN	82002356	T	PC_POP	76.3
CLV_PCH_PRE_HAB	B1GQ	DE	2009	-5.4	JAN	82002356	T	PPCH_3Y	1.4
CLV_PCH_PRE_HAB	B1GQ	DE	2010	4.4	JAN	81802257	T	PC_POP	76.7 b
CLV_PCH_PRE_HAB	B1GQ	DE	2010	4.4	JAN	81802257	T	PPCH_3Y	1.1 b
CLV_PCH_PRE_HAB	B1GQ	DE	2011	3.9	JAN	80222065 b	T	PC_POP	77.3 b
CLV_PCH_PRE_HAB	B1GQ	DE	2011	3.9	JAN	80222065 b	T	PPCH_3Y	1.4 b
CLV_PCH_PRE_HAB	B1GQ	DE	2012	0.2	JAN	80327900	T	PC_POP	77.2
CLV_PCH_PRE_HAB	B1GQ	DE	2012	0.2	JAN	80327900	T	PPCH_3Y	0.9
CLV_PCH_PRE_HAB	B1GQ	DE	2013	0.2	JAN	80523746	T	PC_POP	77.6
CLV_PCH_PRE_HAB	B1GQ	DE	2013	0.2	JAN	80523746	T	PPCH_3Y	0.9 b
CLV_PCH_PRE_HAB	B1GQ	DE	2014	1.8	JAN	80767463	T	PC_POP	77.7
CLV_PCH_PRE_HAB	B1GQ	DE	2014	1.8	JAN	80767463	T	PPCH_3Y	0.4 b
CLV_PCH_PRE_HAB	B1GQ	DE	2015	0.9	JAN	81197537	T	PC_POP	77.6
CLV_PCH_PRE_HAB	B1GQ	DE	2015	0.9	JAN	81197537	T	PPCH_3Y	0.4
CLV_PCH_PRE_HAB	B1GQ	DE	2016	1.4	JAN	82175684	T	PC_POP	77.9
CLV_PCH_PRE_HAB	B1GQ	DE	2016	1.4	JAN	82175684	T	PPCH_3Y	0.3
CLV_PCH_PRE_HAB	B1GQ	DE	2017	2.1	JAN	82521653	T	PC_POP	78.2
CLV_PCH_PRE_HAB	B1GQ	DE	2017	2.1	JAN	82521653	T	PPCH_3Y	0.5
CLV_PCH_PRE_HAB	B1GQ	DE	2018	1.2	JAN	82792351	T	PC_POP	78.6
CLV_PCH_PRE_HAB	B1GQ	DE	2018	1.2	JAN	82792351	T	PPCH_3Y	1.0
CLV_PCH_PRE_HAB	B1GQ	DE	2019	0.3	JAN	83019213	T	PC_POP	79.2
CLV_PCH_PRE_HAB	B1GQ	DE	2019	0.3	JAN	83019213	T	PPCH_3Y	1.3
CLV_PCH_PRE_HAB	B1GQ	DK	2008	-1.1	JAN	5475791	T	PC_POP	79.3 b
CLV_PCH_PRE_HAB	B1GQ	DK	2008	-1.1	JAN	5475791	T	PPCH_3Y	-0.5 b
CLV_PCH_PRE_HAB	B1GQ	DK	2009	-5.4	JAN	5511451	T	PC_POP	78.7
CLV_PCH_PRE_HAB	B1GQ	DK	2009	-5.4	JAN	5511451	T	PPCH_3Y	-1.9
CLV_PCH_PRE_HAB	B1GQ	DK	2010	1.4	JAN	5534738	T	PC_POP	78.0
CLV_PCH_PRE_HAB	B1GQ	DK	2010	1.4	JAN	5534738	T	PPCH_3Y	-2.1
CLV_PCH_PRE_HAB	B1GQ	DK	2011	0.9	JAN	5560628	T	PC_POP	77.8
CLV_PCH_PRE_HAB	B1GQ	DK	2011	0.9	JAN	5560628	T	PPCH_3Y	-1.5 b
CLV_PCH_PRE_HAB	B1GQ	DK	2012	-0.1	JAN	5580516	T	PC_POP	77.2
CLV_PCH_PRE_HAB	B1GQ	DK	2012	-0.1	JAN	5580516	T	PPCH_3Y	-1.5
CLV_PCH_PRE_HAB	B1GQ	DK	2013	0.5	JAN	5602628	T	PC_POP	76.6
CLV_PCH_PRE_HAB	B1GQ	DK	2013	0.5	JAN	5602628	T	PPCH_3Y	-1.4
CLV_PCH_PRE_HAB	B1GQ	DK	2014	1.1	JAN	5627235	T	PC_POP	76.6
CLV_PCH_PRE_HAB	B1GQ	DK	2014	1.1	JAN	5627235	T	PPCH_3Y	-1.2
CLV_PCH_PRE_HAB	B1GQ	DK	2015	1.6	JAN	5659715	T	PC_POP	76.9
CLV_PCH_PRE_HAB	B1GQ	DK	2015	1.6	JAN	5659715	T	PPCH_3Y	-0.3
CLV_PCH_PRE_HAB	B1GQ	DK	2016	2.4	JAN	5707251	T	PC_POP	77.5 b
CLV_PCH_PRE_HAB	B1GQ	DK	2016	2.4	JAN	5707251	T	PPCH_3Y	0.9 b
CLV_PCH_PRE_HAB	B1GQ	DK	2017	1.4	JAN	5748769	T	PC_POP	77.9 b
CLV_PCH_PRE_HAB	B1GQ	DK	2017	1.4	JAN	5748769	T	PPCH_3Y	1.3 b
CLV_PCH_PRE_HAB	B1GQ	DK	2018	1.9	JAN	5781190	T	PC_POP	78.2
CLV_PCH_PRE_HAB	B1GQ	DK	2018	1.9	JAN	5781190	T	PPCH_3Y	1.3
CLV_PCH_PRE_HAB	B1GQ	DK	2019	1.9	JAN	5806081	T	PC_POP	79.1
CLV_PCH_PRE_HAB	B1GQ	DK	2019	1.9	JAN	5806081	T	PPCH_3Y	1.6 b
CLV_PCH_PRE_HAB	B1GQ	EE	2008	-4.8	JAN	1338440	T	PC_POP	74.2
CLV_PCH_PRE_HAB	B1GQ	EE	2008	-4.8	JAN	1338440	T	PPCH_3Y	3.5
CLV_PCH_PRE_HAB	B1GQ	EE	2009	-14.3	JAN	1335740	T	PC_POP	74.0
CLV_PCH_PRE_HAB	B1GQ	EE	2009	-14.3	JAN	1335740	T	PPCH_3Y	1.2
CLV_PCH_PRE_HAB	B1GQ	EE	2010	2.9	JAN	1333290	T	PC_POP	73.9
CLV_PCH_PRE_HAB	B1GQ	EE	2010	2.9	JAN	1333290	T	PPCH_3Y	0.7
CLV_PCH_PRE_HAB	B1GQ	EE	2011	7.7	JAN	1329660	T	PC_POP	74.7
CLV_PCH_PRE_HAB	B1GQ	EE	2011	7.7	JAN	1329660	T	PPCH_3Y	0.5
CLV_PCH_PRE_HAB	B1GQ	EE	2012	3.5	JAN	1325217	T	PC_POP	74.8
CLV_PCH_PRE_HAB	B1GQ	EE	2012	3.5	JAN	1325217	T	PPCH_3Y	0.8
CLV_PCH_PRE_HAB	B1GQ	EE	2013	1.7	JAN	1320174	T	PC_POP	75.1
CLV_PCH_PRE_HAB	B1GQ	EE	2013	1.7	JAN	1320174	T	PPCH_3Y	1.2
CLV_PCH_PRE_HAB	B1GQ	EE	2014	3.3	JAN	1315819	T	PC_POP	75.2
CLV_PCH_PRE_HAB	B1GQ	EE	2014	3.3	JAN	1315819	T	PPCH_3Y	0.5
CLV_PCH_PRE_HAB	B1GQ	EE	2015	2	JAN	1314870 b	T	PC_POP	76.7
CLV_PCH_PRE_HAB	B1GQ	EE	2015	2	JAN	1314870 b	T	PPCH_3Y	1.9
CLV_PCH_PRE_HAB	B1GQ	EE	2016	2.4	JAN	1315944	T	PC_POP	77.5
CLV_PCH_PRE_HAB	B1GQ	EE	2016	2.4	JAN	1315944	T	PPCH_3Y	2.4
CLV_PCH_PRE_HAB	B1GQ	EE	2017	5.8	JAN	1315635	T	PC_POP	78.8
CLV_PCH_PRE_HAB	B1GQ	EE	2017	5.8	JAN	1315635	T	PPCH_3Y	3.6
CLV_PCH_PRE_HAB	B1GQ	EE	2018	4.5	JAN	1319133	T	PC_POP	79.1
CLV_PCH_PRE_HAB	B1GQ	EE	2018	4.5	JAN	1319133	T	PPCH_3Y	2.4
CLV_PCH_PRE_HAB	B1GQ	EE	2019	3.9	JAN	1324820	T	PC_POP	78.9
CLV_PCH_PRE_HAB	B1GQ	EE	2019	3.9	JAN	1324820	T	PPCH_3Y	1.4
CLV_PCH_PRE_HAB	B1GQ	EL	2008	-0.6	JAN	11060937	T	PC_POP	66.7
CLV_PCH_PRE_HAB	B1GQ	EL	2008	-0.6	JAN	11060937	T	PPCH_3Y	0.3
CLV_PCH_PRE_HAB	B1GQ	EL	2009	-4.6	JAN	11094745	T	PC_POP	67.4 b
CLV_PCH_PRE_HAB	B1GQ	EL	2009	-4.6	JAN	11094745	T	PPCH_3Y	0.7 b
CLV_PCH_PRE_HAB	B1GQ	EL	2010	-5.6	JAN	11119289	T	PC_POP	67.8
CLV_PCH_PRE_HAB	B1GQ	EL	2010	-5.6	JAN	11119289	T	PPCH_3Y	1.3
CLV_PCH_PRE_HAB	B1GQ	EL	2011	-9	JAN	11123392	T	PC_POP	67.3
CLV_PCH_PRE_HAB	B1GQ	EL	2011	-9	JAN	11123392	T	PPCH_3Y	0.6
CLV_PCH_PRE_HAB	B1GQ	EL	2012	-6.8	JAN	11086406	T	PC_POP	67.5
CLV_PCH_PRE_HAB	B1GQ	EL	2012	-6.8	JAN	11086406	T	PPCH_3Y	0.1 b
CLV_PCH_PRE_HAB	B1GQ	EL	2013	-2.5	JAN	11003615	T	PC_POP	67.5
CLV_PCH_PRE_HAB	B1GQ	EL	2013	-2.5	JAN	11003615	T	PPCH_3Y	-0.3
CLV_PCH_PRE_HAB	B1GQ	EL	2014	1.4	JAN	10926807	T	PC_POP	67.4
CLV_PCH_PRE_HAB	B1GQ	EL	2014	1.4	JAN	10926807	T	PPCH_3Y	0.1
CLV_PCH_PRE_HAB	B1GQ	EL	2015	0.2	JAN	10858018	T	PC_POP	67.8
CLV_PCH_PRE_HAB	B1GQ	EL	2015	0.2	JAN	10858018	T	PPCH_3Y	0.3
CLV_PCH_PRE_HAB	B1GQ	EL	2016	0.2	JAN	10783748	T	PC_POP	68.2
CLV_PCH_PRE_HAB	B1GQ	EL	2016	0.2	JAN	10783748	T	PPCH_3Y	0.7
CLV_PCH_PRE_HAB	B1GQ	EL	2017	1.7	JAN	10768193	T	PC_POP	68.3
CLV_PCH_PRE_HAB	B1GQ	EL	2017	1.7	JAN	10768193	T	PPCH_3Y	0.9
CLV_PCH_PRE_HAB	B1GQ	EL	2018	2.1	JAN	10741165	T	PC_POP	68.2
CLV_PCH_PRE_HAB	B1GQ	EL	2018	2.1	JAN	10741165	T	PPCH_3Y	0.4
CLV_PCH_PRE_HAB	B1GQ	EL	2019	2.1	JAN	10724599	T	PC_POP	68.4
CLV_PCH_PRE_HAB	B1GQ	EL	2019	2.1	JAN	10724599	T	PPCH_3Y	0.2
CLV_PCH_PRE_HAB	B1GQ	ES	2008	-0.8	JAN	45668939	T	PC_POP	72.7
CLV_PCH_PRE_HAB	B1GQ	ES	2008	-0.8	JAN	45668939	T	PPCH_3Y	2.7 b
CLV_PCH_PRE_HAB	B1GQ	ES	2009	-4.6	JAN	46239273	T	PC_POP	73.1
CLV_PCH_PRE_HAB	B1GQ	ES	2009	-4.6	JAN	46239273	T	PPCH_3Y	2.0
CLV_PCH_PRE_HAB	B1GQ	ES	2010	-0.3	JAN	46486619	T	PC_POP	73.5
CLV_PCH_PRE_HAB	B1GQ	ES	2010	-0.3	JAN	46486619	T	PPCH_3Y	1.7
CLV_PCH_PRE_HAB	B1GQ	ES	2011	-1.2	JAN	46667174	T	PC_POP	73.9
CLV_PCH_PRE_HAB	B1GQ	ES	2011	-1.2	JAN	46667174	T	PPCH_3Y	1.2
CLV_PCH_PRE_HAB	B1GQ	ES	2012	-3	JAN	46818219	T	PC_POP	74.3
CLV_PCH_PRE_HAB	B1GQ	ES	2012	-3	JAN	46818219	T	PPCH_3Y	1.2
CLV_PCH_PRE_HAB	B1GQ	ES	2013	-1.1	JAN	46727890	T	PC_POP	74.3
CLV_PCH_PRE_HAB	B1GQ	ES	2013	-1.1	JAN	46727890	T	PPCH_3Y	0.8
CLV_PCH_PRE_HAB	B1GQ	ES	2014	1.7	JAN	46512199	T	PC_POP	74.2
CLV_PCH_PRE_HAB	B1GQ	ES	2014	1.7	JAN	46512199	T	PPCH_3Y	0.3
CLV_PCH_PRE_HAB	B1GQ	ES	2015	3.9	JAN	46449565	T	PC_POP	74.3
CLV_PCH_PRE_HAB	B1GQ	ES	2015	3.9	JAN	46449565	T	PPCH_3Y	0.0
CLV_PCH_PRE_HAB	B1GQ	ES	2016	2.9	JAN	46440099	T	PC_POP	74.2
CLV_PCH_PRE_HAB	B1GQ	ES	2016	2.9	JAN	46440099	T	PPCH_3Y	-0.1
CLV_PCH_PRE_HAB	B1GQ	ES	2017	2.7	JAN	46528024	T	PC_POP	73.9
CLV_PCH_PRE_HAB	B1GQ	ES	2017	2.7	JAN	46528024	T	PPCH_3Y	-0.3
CLV_PCH_PRE_HAB	B1GQ	ES	2018	1.9	JAN	46658447	T	PC_POP	73.7
CLV_PCH_PRE_HAB	B1GQ	ES	2018	1.9	JAN	46658447	T	PPCH_3Y	-0.6
CLV_PCH_PRE_HAB	B1GQ	ES	2019	1.2	JAN	46937060	T	PC_POP	73.8
CLV_PCH_PRE_HAB	B1GQ	ES	2019	1.2	JAN	46937060	T	PPCH_3Y	-0.4
CLV_PCH_PRE_HAB	B1GQ	FI	2008	0.3	JAN	5300484	T	PC_POP	76.0
CLV_PCH_PRE_HAB	B1GQ	FI	2008	0.3	JAN	5300484	T	PPCH_3Y	1.3
CLV_PCH_PRE_HAB	B1GQ	FI	2009	-8.5	JAN	5326314	T	PC_POP	75.0
CLV_PCH_PRE_HAB	B1GQ	FI	2009	-8.5	JAN	5326314	T	PPCH_3Y	-0.2
CLV_PCH_PRE_HAB	B1GQ	FI	2010	2.7	JAN	5351427	T	PC_POP	74.5
CLV_PCH_PRE_HAB	B1GQ	FI	2010	2.7	JAN	5351427	T	PPCH_3Y	-1.1
CLV_PCH_PRE_HAB	B1GQ	FI	2011	2.1	JAN	5375276	T	PC_POP	74.9
CLV_PCH_PRE_HAB	B1GQ	FI	2011	2.1	JAN	5375276	T	PPCH_3Y	-1.1
CLV_PCH_PRE_HAB	B1GQ	FI	2012	-1.9	JAN	5401267	T	PC_POP	75.2
CLV_PCH_PRE_HAB	B1GQ	FI	2012	-1.9	JAN	5401267	T	PPCH_3Y	0.2
CLV_PCH_PRE_HAB	B1GQ	FI	2013	-1.4	JAN	5426674	T	PC_POP	75.2
CLV_PCH_PRE_HAB	B1GQ	FI	2013	-1.4	JAN	5426674	T	PPCH_3Y	0.7
CLV_PCH_PRE_HAB	B1GQ	FI	2014	-0.8	JAN	5451270	T	PC_POP	75.4
CLV_PCH_PRE_HAB	B1GQ	FI	2014	-0.8	JAN	5451270	T	PPCH_3Y	0.5
CLV_PCH_PRE_HAB	B1GQ	FI	2015	0.2	JAN	5471753	T	PC_POP	75.8
CLV_PCH_PRE_HAB	B1GQ	FI	2015	0.2	JAN	5471753	T	PPCH_3Y	0.6
CLV_PCH_PRE_HAB	B1GQ	FI	2016	2.4	JAN	5487308	T	PC_POP	75.9
CLV_PCH_PRE_HAB	B1GQ	FI	2016	2.4	JAN	5487308	T	PPCH_3Y	0.7
CLV_PCH_PRE_HAB	B1GQ	FI	2017	2.9	JAN	5503297	T	PC_POP	76.7
CLV_PCH_PRE_HAB	B1GQ	FI	2017	2.9	JAN	5503297	T	PPCH_3Y	1.3
CLV_PCH_PRE_HAB	B1GQ	FI	2018	1.5	JAN	5513130	T	PC_POP	77.9
CLV_PCH_PRE_HAB	B1GQ	FI	2018	1.5	JAN	5513130	T	PPCH_3Y	2.1
CLV_PCH_PRE_HAB	B1GQ	FI	2019	0.9	JAN	5517919	T	PC_POP	78.3
CLV_PCH_PRE_HAB	B1GQ	FI	2019	0.9	JAN	5517919	T	PPCH_3Y	2.4
CLV_PCH_PRE_HAB	B1GQ	FR	2008	-0.3	JAN	64007193	T	PC_POP	69.5 e
CLV_PCH_PRE_HAB	B1GQ	FR	2008	-0.3	JAN	64007193	T	PPCH_3Y	0.1 e
CLV_PCH_PRE_HAB	B1GQ	FR	2009	-3.4	JAN	64350226	T	PC_POP	69.9 e
CLV_PCH_PRE_HAB	B1GQ	FR	2009	-3.4	JAN	64350226	T	PPCH_3Y	0.6 e
CLV_PCH_PRE_HAB	B1GQ	FR	2010	1.4	JAN	64658856	T	PC_POP	70.0 e
CLV_PCH_PRE_HAB	B1GQ	FR	2010	1.4	JAN	64658856	T	PPCH_3Y	0.6 e
CLV_PCH_PRE_HAB	B1GQ	FR	2011	1.7	JAN	64978721	T	PC_POP	69.9 e
CLV_PCH_PRE_HAB	B1GQ	FR	2011	1.7	JAN	64978721	T	PPCH_3Y	0.4 e
CLV_PCH_PRE_HAB	B1GQ	FR	2012	-0.2	JAN	65276983	T	PC_POP	70.4 e
CLV_PCH_PRE_HAB	B1GQ	FR	2012	-0.2	JAN	65276983	T	PPCH_3Y	0.5 e
CLV_PCH_PRE_HAB	B1GQ	FR	2013	0.1	JAN	65600350	T	PC_POP	70.9 e
CLV_PCH_PRE_HAB	B1GQ	FR	2013	0.1	JAN	65600350	T	PPCH_3Y	0.9 e
CLV_PCH_PRE_HAB	B1GQ	FR	2014	0.5	JAN	66165980 b	T	PC_POP	71.0
CLV_PCH_PRE_HAB	B1GQ	FR	2014	0.5	JAN	66165980 b	T	PPCH_3Y	1.1 e
CLV_PCH_PRE_HAB	B1GQ	FR	2015	0.7	JAN	66458153	T	PC_POP	71.3
CLV_PCH_PRE_HAB	B1GQ	FR	2015	0.7	JAN	66458153	T	PPCH_3Y	0.9 e
CLV_PCH_PRE_HAB	B1GQ	FR	2016	0.7	JAN	66638391	T	PC_POP	71.4
CLV_PCH_PRE_HAB	B1GQ	FR	2016	0.7	JAN	66638391	T	PPCH_3Y	0.5 e
CLV_PCH_PRE_HAB	B1GQ	FR	2017	1.9	JAN	66809816	T	PC_POP	71.5
CLV_PCH_PRE_HAB	B1GQ	FR	2017	1.9	JAN	66809816	T	PPCH_3Y	0.5
CLV_PCH_PRE_HAB	B1GQ	FR	2018	1.4	JAN	66918941 p	T	PC_POP	71.9
CLV_PCH_PRE_HAB	B1GQ	FR	2018	1.4	JAN	66918941 p	T	PPCH_3Y	0.6
CLV_PCH_PRE_HAB	B1GQ	FR	2019	1.6	JAN	67012883 p	T	PC_POP	71.7
CLV_PCH_PRE_HAB	B1GQ	FR	2019	1.6	JAN	67012883 p	T	PPCH_3Y	0.3
CLV_PCH_PRE_HAB	B1GQ	HR	2008	1.8	JAN	4311967	T	PC_POP	65.8
CLV_PCH_PRE_HAB	B1GQ	HR	2008	1.8	JAN	4311967	T	PPCH_3Y	2.5 e
CLV_PCH_PRE_HAB	B1GQ	HR	2009	-7.3	JAN	4309796	T	PC_POP	65.6
CLV_PCH_PRE_HAB	B1GQ	HR	2009	-7.3	JAN	4309796	T	PPCH_3Y	2.6 e
CLV_PCH_PRE_HAB	B1GQ	HR	2010	-1.3	JAN	4302847	T	PC_POP	65.1
CLV_PCH_PRE_HAB	B1GQ	HR	2010	-1.3	JAN	4302847	T	PPCH_3Y	-0.6
CLV_PCH_PRE_HAB	B1GQ	HR	2011	0	JAN	4289857	T	PC_POP	64.1
CLV_PCH_PRE_HAB	B1GQ	HR	2011	0	JAN	4289857	T	PPCH_3Y	-1.7
CLV_PCH_PRE_HAB	B1GQ	HR	2012	-1.9	JAN	4275984	T	PC_POP	63.9
CLV_PCH_PRE_HAB	B1GQ	HR	2012	-1.9	JAN	4275984	T	PPCH_3Y	-1.7
CLV_PCH_PRE_HAB	B1GQ	HR	2013	-0.2	JAN	4262140	T	PC_POP	63.7
CLV_PCH_PRE_HAB	B1GQ	HR	2013	-0.2	JAN	4262140	T	PPCH_3Y	-1.4
CLV_PCH_PRE_HAB	B1GQ	HR	2014	0.3	JAN	4246809	T	PC_POP	66.1
CLV_PCH_PRE_HAB	B1GQ	HR	2014	0.3	JAN	4246809	T	PPCH_3Y	2.0
CLV_PCH_PRE_HAB	B1GQ	HR	2015	3.1	JAN	4225316	T	PC_POP	66.9
CLV_PCH_PRE_HAB	B1GQ	HR	2015	3.1	JAN	4225316	T	PPCH_3Y	3.0
CLV_PCH_PRE_HAB	B1GQ	HR	2016	4.4	JAN	4190669	T	PC_POP	65.6
CLV_PCH_PRE_HAB	B1GQ	HR	2016	4.4	JAN	4190669	T	PPCH_3Y	1.9
CLV_PCH_PRE_HAB	B1GQ	HR	2017	4.2	JAN	4154213	T	PC_POP	66.4
CLV_PCH_PRE_HAB	B1GQ	HR	2017	4.2	JAN	4154213	T	PPCH_3Y	0.3
CLV_PCH_PRE_HAB	B1GQ	HR	2018	3.7	JAN	4105493	T	PC_POP	66.3
CLV_PCH_PRE_HAB	B1GQ	HR	2018	3.7	JAN	4105493	T	PPCH_3Y	-0.6
CLV_PCH_PRE_HAB	B1GQ	HR	2019	NA	JAN	4076246	T	PC_POP	66.5
CLV_PCH_PRE_HAB	B1GQ	HR	2019	NA	JAN	4076246	T	PPCH_3Y	0.9
CLV_PCH_PRE_HAB	B1GQ	HU	2008	1.2	JAN	10045401	T	PC_POP	61.2
CLV_PCH_PRE_HAB	B1GQ	HU	2008	1.2	JAN	10045401	T	PPCH_3Y	-0.1
CLV_PCH_PRE_HAB	B1GQ	HU	2009	-6.6	JAN	10030975	T	PC_POP	61.2
CLV_PCH_PRE_HAB	B1GQ	HU	2009	-6.6	JAN	10030975	T	PPCH_3Y	-0.8
CLV_PCH_PRE_HAB	B1GQ	HU	2010	0.9	JAN	10014324	T	PC_POP	61.9
CLV_PCH_PRE_HAB	B1GQ	HU	2010	0.9	JAN	10014324	T	PPCH_3Y	0.3
CLV_PCH_PRE_HAB	B1GQ	HU	2011	2.1	JAN	9985722	T	PC_POP	62.4
CLV_PCH_PRE_HAB	B1GQ	HU	2011	2.1	JAN	9985722	T	PPCH_3Y	1.2
CLV_PCH_PRE_HAB	B1GQ	HU	2012	-1	JAN	9931925 b	T	PC_POP	63.7
CLV_PCH_PRE_HAB	B1GQ	HU	2012	-1	JAN	9931925 b	T	PPCH_3Y	2.5
CLV_PCH_PRE_HAB	B1GQ	HU	2013	2.2	JAN	9908798	T	PC_POP	64.7
CLV_PCH_PRE_HAB	B1GQ	HU	2013	2.2	JAN	9908798	T	PPCH_3Y	2.8
CLV_PCH_PRE_HAB	B1GQ	HU	2014	4.5	JAN	9877365	T	PC_POP	67.0
CLV_PCH_PRE_HAB	B1GQ	HU	2014	4.5	JAN	9877365	T	PPCH_3Y	4.6
CLV_PCH_PRE_HAB	B1GQ	HU	2015	4.1	JAN	9855571	T	PC_POP	68.6
CLV_PCH_PRE_HAB	B1GQ	HU	2015	4.1	JAN	9855571	T	PPCH_3Y	4.9
CLV_PCH_PRE_HAB	B1GQ	HU	2016	2.5	JAN	9830485	T	PC_POP	70.1
CLV_PCH_PRE_HAB	B1GQ	HU	2016	2.5	JAN	9830485	T	PPCH_3Y	5.4
CLV_PCH_PRE_HAB	B1GQ	HU	2017	4.6	JAN	9797561	T	PC_POP	71.2
CLV_PCH_PRE_HAB	B1GQ	HU	2017	4.6	JAN	9797561	T	PPCH_3Y	4.2
CLV_PCH_PRE_HAB	B1GQ	HU	2018	5.2	JAN	9778371	T	PC_POP	71.9
CLV_PCH_PRE_HAB	B1GQ	HU	2018	5.2	JAN	9778371	T	PPCH_3Y	3.3
CLV_PCH_PRE_HAB	B1GQ	HU	2019	5	JAN	9772756	T	PC_POP	72.6
CLV_PCH_PRE_HAB	B1GQ	HU	2019	5	JAN	9772756	T	PPCH_3Y	2.5
CLV_PCH_PRE_HAB	B1GQ	IE	2008	-6.5	JAN	4457765	T	PC_POP	74.8
CLV_PCH_PRE_HAB	B1GQ	IE	2008	-6.5	JAN	4457765	T	PPCH_3Y	0.9
CLV_PCH_PRE_HAB	B1GQ	IE	2009	-6	JAN	4521322	T	PC_POP	73.0
CLV_PCH_PRE_HAB	B1GQ	IE	2009	-6	JAN	4521322	T	PPCH_3Y	-1.9
CLV_PCH_PRE_HAB	B1GQ	IE	2010	1.3	JAN	4549428	T	PC_POP	71.6
CLV_PCH_PRE_HAB	B1GQ	IE	2010	1.3	JAN	4549428	T	PPCH_3Y	-4.0 b
CLV_PCH_PRE_HAB	B1GQ	IE	2011	-0.1	JAN	4570881	T	PC_POP	71.2
CLV_PCH_PRE_HAB	B1GQ	IE	2011	-0.1	JAN	4570881	T	PPCH_3Y	-3.6
CLV_PCH_PRE_HAB	B1GQ	IE	2012	-0.2	JAN	4589287	T	PC_POP	71.1
CLV_PCH_PRE_HAB	B1GQ	IE	2012	-0.2	JAN	4589287	T	PPCH_3Y	-1.9
CLV_PCH_PRE_HAB	B1GQ	IE	2013	0.9	JAN	4609779	T	PC_POP	71.8
CLV_PCH_PRE_HAB	B1GQ	IE	2013	0.9	JAN	4609779	T	PPCH_3Y	0.2
CLV_PCH_PRE_HAB	B1GQ	IE	2014	7.8	JAN	4637852	T	PC_POP	71.8
CLV_PCH_PRE_HAB	B1GQ	IE	2014	7.8	JAN	4637852	T	PPCH_3Y	0.6
CLV_PCH_PRE_HAB	B1GQ	IE	2015	24	JAN	4677627	T	PC_POP	72.1
CLV_PCH_PRE_HAB	B1GQ	IE	2015	24	JAN	4677627	T	PPCH_3Y	1.0
CLV_PCH_PRE_HAB	B1GQ	IE	2016	2.5	JAN	4726286	T	PC_POP	72.7
CLV_PCH_PRE_HAB	B1GQ	IE	2016	2.5	JAN	4726286	T	PPCH_3Y	0.9
CLV_PCH_PRE_HAB	B1GQ	IE	2017	6.9	JAN	4784383	T	PC_POP	72.7
CLV_PCH_PRE_HAB	B1GQ	IE	2017	6.9	JAN	4784383	T	PPCH_3Y	0.9
CLV_PCH_PRE_HAB	B1GQ	IE	2018	6.9	JAN	4830392	T	PC_POP	72.9
CLV_PCH_PRE_HAB	B1GQ	IE	2018	6.9	JAN	4830392	T	PPCH_3Y	0.8
CLV_PCH_PRE_HAB	B1GQ	IE	2019	4.1	JAN	4904240 e	T	PC_POP	73.3
CLV_PCH_PRE_HAB	B1GQ	IE	2019	4.1	JAN	4904240 e	T	PPCH_3Y	0.6
CLV_PCH_PRE_HAB	B1GQ	IT	2008	-1.7	JAN	58652875	T	PC_POP	62.9
CLV_PCH_PRE_HAB	B1GQ	IT	2008	-1.7	JAN	58652875	T	PPCH_3Y	0.4
CLV_PCH_PRE_HAB	B1GQ	IT	2009	-5.8	JAN	59000586	T	PC_POP	62.3
CLV_PCH_PRE_HAB	B1GQ	IT	2009	-5.8	JAN	59000586	T	PPCH_3Y	-0.3
CLV_PCH_PRE_HAB	B1GQ	IT	2010	1.3	JAN	59190143	T	PC_POP	62.0
CLV_PCH_PRE_HAB	B1GQ	IT	2010	1.3	JAN	59190143	T	PPCH_3Y	-0.4
CLV_PCH_PRE_HAB	B1GQ	IT	2011	0.3	JAN	59364690	T	PC_POP	62.1
CLV_PCH_PRE_HAB	B1GQ	IT	2011	0.3	JAN	59364690	T	PPCH_3Y	-0.8
CLV_PCH_PRE_HAB	B1GQ	IT	2012	-3.4	JAN	59394207	T	PC_POP	63.5
CLV_PCH_PRE_HAB	B1GQ	IT	2012	-3.4	JAN	59394207	T	PPCH_3Y	1.2
CLV_PCH_PRE_HAB	B1GQ	IT	2013	-2.3	JAN	59685227	T	PC_POP	63.4
CLV_PCH_PRE_HAB	B1GQ	IT	2013	-2.3	JAN	59685227	T	PPCH_3Y	1.4
CLV_PCH_PRE_HAB	B1GQ	IT	2014	-0.2	JAN	60782668	T	PC_POP	63.9
CLV_PCH_PRE_HAB	B1GQ	IT	2014	-0.2	JAN	60782668	T	PPCH_3Y	1.8
CLV_PCH_PRE_HAB	B1GQ	IT	2015	0.9	JAN	60795612	T	PC_POP	64.0
CLV_PCH_PRE_HAB	B1GQ	IT	2015	0.9	JAN	60795612	T	PPCH_3Y	0.5
CLV_PCH_PRE_HAB	B1GQ	IT	2016	1.5	JAN	60665551	T	PC_POP	64.9
CLV_PCH_PRE_HAB	B1GQ	IT	2016	1.5	JAN	60665551	T	PPCH_3Y	1.5
CLV_PCH_PRE_HAB	B1GQ	IT	2017	1.8	JAN	60589445	T	PC_POP	65.4
CLV_PCH_PRE_HAB	B1GQ	IT	2017	1.8	JAN	60589445	T	PPCH_3Y	1.5
CLV_PCH_PRE_HAB	B1GQ	IT	2018	0.9	JAN	60483973	T	PC_POP	65.6
CLV_PCH_PRE_HAB	B1GQ	IT	2018	0.9	JAN	60483973	T	PPCH_3Y	1.6
CLV_PCH_PRE_HAB	B1GQ	IT	2019	0.4	JAN	60359546	T	PC_POP	65.7
CLV_PCH_PRE_HAB	B1GQ	IT	2019	0.4	JAN	60359546	T	PPCH_3Y	0.8
CLV_PCH_PRE_HAB	B1GQ	LT	2008	3.7	JAN	3212605	T	PC_POP	68.4
CLV_PCH_PRE_HAB	B1GQ	LT	2008	3.7	JAN	3212605	T	PPCH_3Y	-0.3
CLV_PCH_PRE_HAB	B1GQ	LT	2009	-13.9	JAN	3183856	T	PC_POP	69.6
CLV_PCH_PRE_HAB	B1GQ	LT	2009	-13.9	JAN	3183856	T	PPCH_3Y	2.0
CLV_PCH_PRE_HAB	B1GQ	LT	2010	3.6	JAN	3141976	T	PC_POP	70.2
CLV_PCH_PRE_HAB	B1GQ	LT	2010	3.6	JAN	3141976	T	PPCH_3Y	2.3
CLV_PCH_PRE_HAB	B1GQ	LT	2011	8.4	JAN	3052588	T	PC_POP	71.4
CLV_PCH_PRE_HAB	B1GQ	LT	2011	8.4	JAN	3052588	T	PPCH_3Y	3.0
CLV_PCH_PRE_HAB	B1GQ	LT	2012	5.2	JAN	3003641	T	PC_POP	71.8
CLV_PCH_PRE_HAB	B1GQ	LT	2012	5.2	JAN	3003641	T	PPCH_3Y	2.2
CLV_PCH_PRE_HAB	B1GQ	LT	2013	4.6	JAN	2971905	T	PC_POP	72.4
CLV_PCH_PRE_HAB	B1GQ	LT	2013	4.6	JAN	2971905	T	PPCH_3Y	2.2
CLV_PCH_PRE_HAB	B1GQ	LT	2014	4.4	JAN	2943472	T	PC_POP	73.7
CLV_PCH_PRE_HAB	B1GQ	LT	2014	4.4	JAN	2943472	T	PPCH_3Y	2.3
CLV_PCH_PRE_HAB	B1GQ	LT	2015	3	JAN	2921262	T	PC_POP	74.1
CLV_PCH_PRE_HAB	B1GQ	LT	2015	3	JAN	2921262	T	PPCH_3Y	2.3
CLV_PCH_PRE_HAB	B1GQ	LT	2016	3.9	JAN	2888558	T	PC_POP	75.5
CLV_PCH_PRE_HAB	B1GQ	LT	2016	3.9	JAN	2888558	T	PPCH_3Y	3.1
CLV_PCH_PRE_HAB	B1GQ	LT	2017	5.7	JAN	2847904	T	PC_POP	75.9
CLV_PCH_PRE_HAB	B1GQ	LT	2017	5.7	JAN	2847904	T	PPCH_3Y	2.2
CLV_PCH_PRE_HAB	B1GQ	LT	2018	4.6	JAN	2808901	T	PC_POP	77.3
CLV_PCH_PRE_HAB	B1GQ	LT	2018	4.6	JAN	2808901	T	PPCH_3Y	3.2
CLV_PCH_PRE_HAB	B1GQ	LT	2019	4.2	JAN	2794184	T	PC_POP	78.0
CLV_PCH_PRE_HAB	B1GQ	LT	2019	4.2	JAN	2794184	T	PPCH_3Y	2.5
CLV_PCH_PRE_HAB	B1GQ	LU	2008	-3	JAN	483799	T	PC_POP	66.8
CLV_PCH_PRE_HAB	B1GQ	LU	2008	-3	JAN	483799	T	PPCH_3Y	0.2
CLV_PCH_PRE_HAB	B1GQ	LU	2009	-6.1	JAN	493500	T	PC_POP	68.7 b
CLV_PCH_PRE_HAB	B1GQ	LU	2009	-6.1	JAN	493500	T	PPCH_3Y	2.0 b
CLV_PCH_PRE_HAB	B1GQ	LU	2010	2.9	JAN	502066	T	PC_POP	68.2
CLV_PCH_PRE_HAB	B1GQ	LU	2010	2.9	JAN	502066	T	PPCH_3Y	1.3 b
CLV_PCH_PRE_HAB	B1GQ	LU	2011	0.2	JAN	511840	T	PC_POP	67.9
CLV_PCH_PRE_HAB	B1GQ	LU	2011	0.2	JAN	511840	T	PPCH_3Y	1.1
CLV_PCH_PRE_HAB	B1GQ	LU	2012	-2.6	JAN	524853 b	T	PC_POP	69.4
CLV_PCH_PRE_HAB	B1GQ	LU	2012	-2.6	JAN	524853 b	T	PPCH_3Y	0.7 b
CLV_PCH_PRE_HAB	B1GQ	LU	2013	1	JAN	537039	T	PC_POP	69.9
CLV_PCH_PRE_HAB	B1GQ	LU	2013	1	JAN	537039	T	PPCH_3Y	1.7
CLV_PCH_PRE_HAB	B1GQ	LU	2014	1.9	JAN	549680	T	PC_POP	70.8
CLV_PCH_PRE_HAB	B1GQ	LU	2014	1.9	JAN	549680	T	PPCH_3Y	2.9
CLV_PCH_PRE_HAB	B1GQ	LU	2015	2.3	JAN	562958	T	PC_POP	70.9 b
CLV_PCH_PRE_HAB	B1GQ	LU	2015	2.3	JAN	562958	T	PPCH_3Y	1.5 b
CLV_PCH_PRE_HAB	B1GQ	LU	2016	1.9	JAN	576249	T	PC_POP	70.0
CLV_PCH_PRE_HAB	B1GQ	LU	2016	1.9	JAN	576249	T	PPCH_3Y	0.1
CLV_PCH_PRE_HAB	B1GQ	LU	2017	-0.4	JAN	590667 b	T	PC_POP	70.2
CLV_PCH_PRE_HAB	B1GQ	LU	2017	-0.4	JAN	590667 b	T	PPCH_3Y	-0.6
CLV_PCH_PRE_HAB	B1GQ	LU	2018	1.1	JAN	602005	T	PC_POP	71.1
CLV_PCH_PRE_HAB	B1GQ	LU	2018	1.1	JAN	602005	T	PPCH_3Y	0.2 b
CLV_PCH_PRE_HAB	B1GQ	LU	2019	0.2	JAN	613894	T	PC_POP	72.0
CLV_PCH_PRE_HAB	B1GQ	LU	2019	0.2	JAN	613894	T	PPCH_3Y	2.0
CLV_PCH_PRE_HAB	B1GQ	LV	2008	-2.3	JAN	2191810	T	PC_POP	74.2
CLV_PCH_PRE_HAB	B1GQ	LV	2008	-2.3	JAN	2191810	T	PPCH_3Y	5.1
CLV_PCH_PRE_HAB	B1GQ	LV	2009	-12.8	JAN	2162834	T	PC_POP	73.5
CLV_PCH_PRE_HAB	B1GQ	LV	2009	-12.8	JAN	2162834	T	PPCH_3Y	2.5
CLV_PCH_PRE_HAB	B1GQ	LV	2010	-2.4	JAN	2120504	T	PC_POP	73.0
CLV_PCH_PRE_HAB	B1GQ	LV	2010	-2.4	JAN	2120504	T	PPCH_3Y	0.4
CLV_PCH_PRE_HAB	B1GQ	LV	2011	8.3	JAN	2074605	T	PC_POP	72.8
CLV_PCH_PRE_HAB	B1GQ	LV	2011	8.3	JAN	2074605	T	PPCH_3Y	-1.4
CLV_PCH_PRE_HAB	B1GQ	LV	2012	5.4	JAN	2044813	T	PC_POP	74.4
CLV_PCH_PRE_HAB	B1GQ	LV	2012	5.4	JAN	2044813	T	PPCH_3Y	0.9
CLV_PCH_PRE_HAB	B1GQ	LV	2013	3.4	JAN	2023825	T	PC_POP	74.0
CLV_PCH_PRE_HAB	B1GQ	LV	2013	3.4	JAN	2023825	T	PPCH_3Y	1.0
CLV_PCH_PRE_HAB	B1GQ	LV	2014	2.9	JAN	2001468	T	PC_POP	74.6
CLV_PCH_PRE_HAB	B1GQ	LV	2014	2.9	JAN	2001468	T	PPCH_3Y	1.8
CLV_PCH_PRE_HAB	B1GQ	LV	2015	4.1	JAN	1986096	T	PC_POP	75.7
CLV_PCH_PRE_HAB	B1GQ	LV	2015	4.1	JAN	1986096	T	PPCH_3Y	1.3
CLV_PCH_PRE_HAB	B1GQ	LV	2016	2.7	JAN	1968957	T	PC_POP	76.3
CLV_PCH_PRE_HAB	B1GQ	LV	2016	2.7	JAN	1968957	T	PPCH_3Y	2.3
CLV_PCH_PRE_HAB	B1GQ	LV	2017	4.8	JAN	1950116	T	PC_POP	77.0
CLV_PCH_PRE_HAB	B1GQ	LV	2017	4.8	JAN	1950116	T	PPCH_3Y	2.4
CLV_PCH_PRE_HAB	B1GQ	LV	2018	5.1	JAN	1934379	T	PC_POP	77.7
CLV_PCH_PRE_HAB	B1GQ	LV	2018	5.1	JAN	1934379	T	PPCH_3Y	2.0
CLV_PCH_PRE_HAB	B1GQ	LV	2019	2.9	JAN	1919968	T	PC_POP	77.3
CLV_PCH_PRE_HAB	B1GQ	LV	2019	2.9	JAN	1919968	T	PPCH_3Y	1.0
CLV_PCH_PRE_HAB	B1GQ	MT	2008	2.7	JAN	407832	T	PC_POP	59.1
CLV_PCH_PRE_HAB	B1GQ	MT	2008	2.7	JAN	407832	T	PPCH_3Y	1.5 b
CLV_PCH_PRE_HAB	B1GQ	MT	2009	-3.2	JAN	410926	T	PC_POP	59.4
CLV_PCH_PRE_HAB	B1GQ	MT	2009	-3.2	JAN	410926	T	PPCH_3Y	1.5
CLV_PCH_PRE_HAB	B1GQ	MT	2010	3	JAN	414027	T	PC_POP	60.4
CLV_PCH_PRE_HAB	B1GQ	MT	2010	3	JAN	414027	T	PPCH_3Y	1.6
CLV_PCH_PRE_HAB	B1GQ	MT	2011	0.9	JAN	414989	T	PC_POP	61.8
CLV_PCH_PRE_HAB	B1GQ	MT	2011	0.9	JAN	414989	T	PPCH_3Y	2.7
CLV_PCH_PRE_HAB	B1GQ	MT	2012	1.9	JAN	417546	T	PC_POP	63.9
CLV_PCH_PRE_HAB	B1GQ	MT	2012	1.9	JAN	417546	T	PPCH_3Y	4.5
CLV_PCH_PRE_HAB	B1GQ	MT	2013	3.4	JAN	422509	T	PC_POP	66.3
CLV_PCH_PRE_HAB	B1GQ	MT	2013	3.4	JAN	422509	T	PPCH_3Y	5.9
CLV_PCH_PRE_HAB	B1GQ	MT	2014	6.6	JAN	429424	T	PC_POP	67.8
CLV_PCH_PRE_HAB	B1GQ	MT	2014	6.6	JAN	429424	T	PPCH_3Y	6.0
CLV_PCH_PRE_HAB	B1GQ	MT	2015	8.3	JAN	439691	T	PC_POP	68.8
CLV_PCH_PRE_HAB	B1GQ	MT	2015	8.3	JAN	439691	T	PPCH_3Y	4.9
CLV_PCH_PRE_HAB	B1GQ	MT	2016	3.4	JAN	450415	T	PC_POP	70.6
CLV_PCH_PRE_HAB	B1GQ	MT	2016	3.4	JAN	450415	T	PPCH_3Y	4.3
CLV_PCH_PRE_HAB	B1GQ	MT	2017	3.6	JAN	460297	T	PC_POP	72.2
CLV_PCH_PRE_HAB	B1GQ	MT	2017	3.6	JAN	460297	T	PPCH_3Y	4.4
CLV_PCH_PRE_HAB	B1GQ	MT	2018	3.6	JAN	475701	T	PC_POP	74.7
CLV_PCH_PRE_HAB	B1GQ	MT	2018	3.6	JAN	475701	T	PPCH_3Y	5.9
CLV_PCH_PRE_HAB	B1GQ	MT	2019	1.1	JAN	493559	T	PC_POP	76.0
CLV_PCH_PRE_HAB	B1GQ	MT	2019	1.1	JAN	493559	T	PPCH_3Y	5.4
CLV_PCH_PRE_HAB	B1GQ	NL	2008	1.8	JAN	16405399	T	PC_POP	77.8
CLV_PCH_PRE_HAB	B1GQ	NL	2008	1.8	JAN	16405399	T	PPCH_3Y	2.7 b
CLV_PCH_PRE_HAB	B1GQ	NL	2009	-4.2	JAN	16485787	T	PC_POP	78.1
CLV_PCH_PRE_HAB	B1GQ	NL	2009	-4.2	JAN	16485787	T	PPCH_3Y	2.7
CLV_PCH_PRE_HAB	B1GQ	NL	2010	0.8	JAN	16574989	T	PC_POP	77.9
CLV_PCH_PRE_HAB	B1GQ	NL	2010	0.8	JAN	16574989	T	PPCH_3Y	1.2
CLV_PCH_PRE_HAB	B1GQ	NL	2011	1.1	JAN	16655799	T	PC_POP	78.1
CLV_PCH_PRE_HAB	B1GQ	NL	2011	1.1	JAN	16655799	T	PPCH_3Y	0.3
CLV_PCH_PRE_HAB	B1GQ	NL	2012	-1.4	JAN	16730348	T	PC_POP	79.0
CLV_PCH_PRE_HAB	B1GQ	NL	2012	-1.4	JAN	16730348	T	PPCH_3Y	0.9
CLV_PCH_PRE_HAB	B1GQ	NL	2013	-0.4	JAN	16779575	T	PC_POP	79.4
CLV_PCH_PRE_HAB	B1GQ	NL	2013	-0.4	JAN	16779575	T	PPCH_3Y	1.5
CLV_PCH_PRE_HAB	B1GQ	NL	2014	1.1	JAN	16829289	T	PC_POP	79.0
CLV_PCH_PRE_HAB	B1GQ	NL	2014	1.1	JAN	16829289	T	PPCH_3Y	0.9
CLV_PCH_PRE_HAB	B1GQ	NL	2015	1.5	JAN	16900726	T	PC_POP	79.6
CLV_PCH_PRE_HAB	B1GQ	NL	2015	1.5	JAN	16900726	T	PPCH_3Y	0.6
CLV_PCH_PRE_HAB	B1GQ	NL	2016	1.7	JAN	16979120	T	PC_POP	79.7
CLV_PCH_PRE_HAB	B1GQ	NL	2016	1.7	JAN	16979120	T	PPCH_3Y	0.3
CLV_PCH_PRE_HAB	B1GQ	NL	2017	2.3	JAN	17081507	T	PC_POP	79.7
CLV_PCH_PRE_HAB	B1GQ	NL	2017	2.3	JAN	17081507	T	PPCH_3Y	0.7
CLV_PCH_PRE_HAB	B1GQ	NL	2018	2	JAN	17181084	T	PC_POP	80.3
CLV_PCH_PRE_HAB	B1GQ	NL	2018	2	JAN	17181084	T	PPCH_3Y	0.7
CLV_PCH_PRE_HAB	B1GQ	NL	2019	1.1	JAN	17282163	T	PC_POP	80.9
CLV_PCH_PRE_HAB	B1GQ	NL	2019	1.1	JAN	17282163	T	PPCH_3Y	1.2
CLV_PCH_PRE_HAB	B1GQ	PL	2008	4.2	JAN	38115641	T	PC_POP	63.8
CLV_PCH_PRE_HAB	B1GQ	PL	2008	4.2	JAN	38115641	T	PPCH_3Y	-0.6
CLV_PCH_PRE_HAB	B1GQ	PL	2009	1.8	JAN	38135876	T	PC_POP	64.7
CLV_PCH_PRE_HAB	B1GQ	PL	2009	1.8	JAN	38135876	T	PPCH_3Y	1.3
CLV_PCH_PRE_HAB	B1GQ	PL	2010	3.5	JAN	38022869 b	T	PC_POP	65.3 b
CLV_PCH_PRE_HAB	B1GQ	PL	2010	3.5	JAN	38022869 b	T	PPCH_3Y	2.1 b
CLV_PCH_PRE_HAB	B1GQ	PL	2011	5	JAN	38062718	T	PC_POP	65.7
CLV_PCH_PRE_HAB	B1GQ	PL	2011	5	JAN	38062718	T	PPCH_3Y	1.9
CLV_PCH_PRE_HAB	B1GQ	PL	2012	1.6	JAN	38063792	T	PC_POP	66.5
CLV_PCH_PRE_HAB	B1GQ	PL	2012	1.6	JAN	38063792	T	PPCH_3Y	1.8
CLV_PCH_PRE_HAB	B1GQ	PL	2013	1.5	JAN	38062535	T	PC_POP	67.0
CLV_PCH_PRE_HAB	B1GQ	PL	2013	1.5	JAN	38062535	T	PPCH_3Y	1.7 b
CLV_PCH_PRE_HAB	B1GQ	PL	2014	3.4	JAN	38017856	T	PC_POP	67.9
CLV_PCH_PRE_HAB	B1GQ	PL	2014	3.4	JAN	38017856	T	PPCH_3Y	2.2
CLV_PCH_PRE_HAB	B1GQ	PL	2015	3.9	JAN	38005614	T	PC_POP	68.1
CLV_PCH_PRE_HAB	B1GQ	PL	2015	3.9	JAN	38005614	T	PPCH_3Y	1.6
CLV_PCH_PRE_HAB	B1GQ	PL	2016	3.1	JAN	37967209	T	PC_POP	68.8
CLV_PCH_PRE_HAB	B1GQ	PL	2016	3.1	JAN	37967209	T	PPCH_3Y	1.8
CLV_PCH_PRE_HAB	B1GQ	PL	2017	5	JAN	37972964	T	PC_POP	69.6
CLV_PCH_PRE_HAB	B1GQ	PL	2017	5	JAN	37972964	T	PPCH_3Y	1.7
CLV_PCH_PRE_HAB	B1GQ	PL	2018	NA	JAN	37976687	T	PC_POP	70.1
CLV_PCH_PRE_HAB	B1GQ	PL	2018	NA	JAN	37976687	T	PPCH_3Y	2.0
CLV_PCH_PRE_HAB	B1GQ	PL	2019	NA	JAN	37972812	T	PC_POP	70.6
CLV_PCH_PRE_HAB	B1GQ	PL	2019	NA	JAN	37972812	T	PPCH_3Y	1.8
CLV_PCH_PRE_HAB	B1GQ	PT	2008	0.2	JAN	10553339	T	PC_POP	73.9
CLV_PCH_PRE_HAB	B1GQ	PT	2008	0.2	JAN	10553339	T	PPCH_3Y	0.7
CLV_PCH_PRE_HAB	B1GQ	PT	2009	-3.2	JAN	10563014	T	PC_POP	73.4
CLV_PCH_PRE_HAB	B1GQ	PT	2009	-3.2	JAN	10563014	T	PPCH_3Y	-0.2
CLV_PCH_PRE_HAB	B1GQ	PT	2010	1.7	JAN	10573479	T	PC_POP	73.7
CLV_PCH_PRE_HAB	B1GQ	PT	2010	1.7	JAN	10573479	T	PPCH_3Y	-0.2
CLV_PCH_PRE_HAB	B1GQ	PT	2011	-1.6	JAN	10572721	T	PC_POP	73.6 b
CLV_PCH_PRE_HAB	B1GQ	PT	2011	-1.6	JAN	10572721	T	PPCH_3Y	-0.3 b
CLV_PCH_PRE_HAB	B1GQ	PT	2012	-3.7	JAN	10542398	T	PC_POP	73.4
CLV_PCH_PRE_HAB	B1GQ	PT	2012	-3.7	JAN	10542398	T	PPCH_3Y	0.0
CLV_PCH_PRE_HAB	B1GQ	PT	2013	-0.4	JAN	10487289	T	PC_POP	73.0
CLV_PCH_PRE_HAB	B1GQ	PT	2013	-0.4	JAN	10487289	T	PPCH_3Y	-0.7
CLV_PCH_PRE_HAB	B1GQ	PT	2014	1.3	JAN	10427301	T	PC_POP	73.2
CLV_PCH_PRE_HAB	B1GQ	PT	2014	1.3	JAN	10427301	T	PPCH_3Y	-0.4 b
CLV_PCH_PRE_HAB	B1GQ	PT	2015	2.2	JAN	10374822	T	PC_POP	73.4
CLV_PCH_PRE_HAB	B1GQ	PT	2015	2.2	JAN	10374822	T	PPCH_3Y	0.0
CLV_PCH_PRE_HAB	B1GQ	PT	2016	2.3	JAN	10341330	T	PC_POP	73.7
CLV_PCH_PRE_HAB	B1GQ	PT	2016	2.3	JAN	10341330	T	PPCH_3Y	0.7
CLV_PCH_PRE_HAB	B1GQ	PT	2017	3.8	JAN	10309573	T	PC_POP	74.7
CLV_PCH_PRE_HAB	B1GQ	PT	2017	3.8	JAN	10309573	T	PPCH_3Y	1.5
CLV_PCH_PRE_HAB	B1GQ	PT	2018	2.8	JAN	10291027	T	PC_POP	75.1
CLV_PCH_PRE_HAB	B1GQ	PT	2018	2.8	JAN	10291027	T	PPCH_3Y	1.7
CLV_PCH_PRE_HAB	B1GQ	PT	2019	2.2	JAN	10276617	T	PC_POP	75.5
CLV_PCH_PRE_HAB	B1GQ	PT	2019	2.2	JAN	10276617	T	PPCH_3Y	1.8
CLV_PCH_PRE_HAB	B1GQ	RO	2008	11.1	JAN	20635460	T	PC_POP	62.9
CLV_PCH_PRE_HAB	B1GQ	RO	2008	11.1	JAN	20635460	T	PPCH_3Y	0.6
CLV_PCH_PRE_HAB	B1GQ	RO	2009	-4.7	JAN	20440290	T	PC_POP	63.1
CLV_PCH_PRE_HAB	B1GQ	RO	2009	-4.7	JAN	20440290	T	PPCH_3Y	-0.5
CLV_PCH_PRE_HAB	B1GQ	RO	2010	-3.3	JAN	20294683	T	PC_POP	64.9
CLV_PCH_PRE_HAB	B1GQ	RO	2010	-3.3	JAN	20294683	T	PPCH_3Y	1.9
CLV_PCH_PRE_HAB	B1GQ	RO	2011	2.5	JAN	20199059	T	PC_POP	64.1
CLV_PCH_PRE_HAB	B1GQ	RO	2011	2.5	JAN	20199059	T	PPCH_3Y	1.2
CLV_PCH_PRE_HAB	B1GQ	RO	2012	2.5	JAN	20095996	T	PC_POP	64.8
CLV_PCH_PRE_HAB	B1GQ	RO	2012	2.5	JAN	20095996	T	PPCH_3Y	1.7
CLV_PCH_PRE_HAB	B1GQ	RO	2013	3.9	JAN	20020074	T	PC_POP	64.9
CLV_PCH_PRE_HAB	B1GQ	RO	2013	3.9	JAN	20020074	T	PPCH_3Y	0.0
CLV_PCH_PRE_HAB	B1GQ	RO	2014	3.8	JAN	19947311	T	PC_POP	65.7
CLV_PCH_PRE_HAB	B1GQ	RO	2014	3.8	JAN	19947311	T	PPCH_3Y	1.6
CLV_PCH_PRE_HAB	B1GQ	RO	2015	4.4	JAN	19870647	T	PC_POP	66.1
CLV_PCH_PRE_HAB	B1GQ	RO	2015	4.4	JAN	19870647	T	PPCH_3Y	1.3
CLV_PCH_PRE_HAB	B1GQ	RO	2016	5.4	JAN	19760585	T	PC_POP	65.6
CLV_PCH_PRE_HAB	B1GQ	RO	2016	5.4	JAN	19760585	T	PPCH_3Y	0.7
CLV_PCH_PRE_HAB	B1GQ	RO	2017	7.7	JAN	19643949	T	PC_POP	67.3
CLV_PCH_PRE_HAB	B1GQ	RO	2017	7.7	JAN	19643949	T	PPCH_3Y	1.6
CLV_PCH_PRE_HAB	B1GQ	RO	2018	5.1	JAN	19530631	T	PC_POP	67.8
CLV_PCH_PRE_HAB	B1GQ	RO	2018	5.1	JAN	19530631	T	PPCH_3Y	1.7
CLV_PCH_PRE_HAB	B1GQ	RO	2019	4.4	JAN	19414458	T	PC_POP	68.6
CLV_PCH_PRE_HAB	B1GQ	RO	2019	4.4	JAN	19414458	T	PPCH_3Y	3.0
CLV_PCH_PRE_HAB	B1GQ	SE	2008	-1	JAN	9182927	T	PC_POP	79.3
CLV_PCH_PRE_HAB	B1GQ	SE	2008	-1	JAN	9182927	T	PPCH_3Y	1.1 b
CLV_PCH_PRE_HAB	B1GQ	SE	2009	-5	JAN	9256347	T	PC_POP	78.9
CLV_PCH_PRE_HAB	B1GQ	SE	2009	-5	JAN	9256347	T	PPCH_3Y	0.1
CLV_PCH_PRE_HAB	B1GQ	SE	2010	5.3	JAN	9340682	T	PC_POP	79.1
CLV_PCH_PRE_HAB	B1GQ	SE	2010	5.3	JAN	9340682	T	PPCH_3Y	0.0
CLV_PCH_PRE_HAB	B1GQ	SE	2011	2.3	JAN	9415570	T	PC_POP	79.9
CLV_PCH_PRE_HAB	B1GQ	SE	2011	2.3	JAN	9415570	T	PPCH_3Y	0.6
CLV_PCH_PRE_HAB	B1GQ	SE	2012	-1.4	JAN	9482855	T	PC_POP	80.3
CLV_PCH_PRE_HAB	B1GQ	SE	2012	-1.4	JAN	9482855	T	PPCH_3Y	1.4
CLV_PCH_PRE_HAB	B1GQ	SE	2013	0.2	JAN	9555893	T	PC_POP	81.1
CLV_PCH_PRE_HAB	B1GQ	SE	2013	0.2	JAN	9555893	T	PPCH_3Y	2.0
CLV_PCH_PRE_HAB	B1GQ	SE	2014	1.7	JAN	9644864	T	PC_POP	81.5
CLV_PCH_PRE_HAB	B1GQ	SE	2014	1.7	JAN	9644864	T	PPCH_3Y	1.6
CLV_PCH_PRE_HAB	B1GQ	SE	2015	3.3	JAN	9747355	T	PC_POP	81.7
CLV_PCH_PRE_HAB	B1GQ	SE	2015	3.3	JAN	9747355	T	PPCH_3Y	1.4
CLV_PCH_PRE_HAB	B1GQ	SE	2016	1.1	JAN	9851017	T	PC_POP	82.1
CLV_PCH_PRE_HAB	B1GQ	SE	2016	1.1	JAN	9851017	T	PPCH_3Y	1.0
CLV_PCH_PRE_HAB	B1GQ	SE	2017	1	JAN	9995153	T	PC_POP	82.5
CLV_PCH_PRE_HAB	B1GQ	SE	2017	1	JAN	9995153	T	PPCH_3Y	1.0
CLV_PCH_PRE_HAB	B1GQ	SE	2018	1	JAN	10120242	T	PC_POP	82.7 b
CLV_PCH_PRE_HAB	B1GQ	SE	2018	1	JAN	10120242	T	PPCH_3Y	1.0 b
CLV_PCH_PRE_HAB	B1GQ	SE	2019	0.2	JAN	10230185	T	PC_POP	82.9
CLV_PCH_PRE_HAB	B1GQ	SE	2019	0.2	JAN	10230185	T	PPCH_3Y	0.8
CLV_PCH_PRE_HAB	B1GQ	SI	2008	3.4	JAN	2010269 b	T	PC_POP	71.8
CLV_PCH_PRE_HAB	B1GQ	SI	2008	3.4	JAN	2010269 b	T	PPCH_3Y	1.1
CLV_PCH_PRE_HAB	B1GQ	SI	2009	-8.4	JAN	2032362	T	PC_POP	71.8
CLV_PCH_PRE_HAB	B1GQ	SI	2009	-8.4	JAN	2032362	T	PPCH_3Y	0.9
CLV_PCH_PRE_HAB	B1GQ	SI	2010	1	JAN	2046976	T	PC_POP	71.5
CLV_PCH_PRE_HAB	B1GQ	SI	2010	1	JAN	2046976	T	PPCH_3Y	0.2
CLV_PCH_PRE_HAB	B1GQ	SI	2011	0.7	JAN	2050189	T	PC_POP	70.3
CLV_PCH_PRE_HAB	B1GQ	SI	2011	0.7	JAN	2050189	T	PPCH_3Y	-1.5
CLV_PCH_PRE_HAB	B1GQ	SI	2012	-2.8	JAN	2055496	T	PC_POP	70.4
CLV_PCH_PRE_HAB	B1GQ	SI	2012	-2.8	JAN	2055496	T	PPCH_3Y	-1.4
CLV_PCH_PRE_HAB	B1GQ	SI	2013	-1.2	JAN	2058821	T	PC_POP	70.5
CLV_PCH_PRE_HAB	B1GQ	SI	2013	-1.2	JAN	2058821	T	PPCH_3Y	-1.0
CLV_PCH_PRE_HAB	B1GQ	SI	2014	2.7	JAN	2061085	T	PC_POP	70.9
CLV_PCH_PRE_HAB	B1GQ	SI	2014	2.7	JAN	2061085	T	PPCH_3Y	0.6
CLV_PCH_PRE_HAB	B1GQ	SI	2015	2.1	JAN	2062874	T	PC_POP	71.8
CLV_PCH_PRE_HAB	B1GQ	SI	2015	2.1	JAN	2062874	T	PPCH_3Y	1.4
CLV_PCH_PRE_HAB	B1GQ	SI	2016	3.1	JAN	2064188	T	PC_POP	71.6
CLV_PCH_PRE_HAB	B1GQ	SI	2016	3.1	JAN	2064188	T	PPCH_3Y	1.1
CLV_PCH_PRE_HAB	B1GQ	SI	2017	4.8	JAN	2065895	T	PC_POP	74.2
CLV_PCH_PRE_HAB	B1GQ	SI	2017	4.8	JAN	2065895	T	PPCH_3Y	3.3
CLV_PCH_PRE_HAB	B1GQ	SI	2018	3.8	JAN	2066880	T	PC_POP	75.0
CLV_PCH_PRE_HAB	B1GQ	SI	2018	3.8	JAN	2066880	T	PPCH_3Y	3.2
CLV_PCH_PRE_HAB	B1GQ	SI	2019	1.6	JAN	2080908	T	PC_POP	75.2
CLV_PCH_PRE_HAB	B1GQ	SI	2019	1.6	JAN	2080908	T	PPCH_3Y	3.6
CLV_PCH_PRE_HAB	B1GQ	SK	2008	5.4	JAN	5376064	T	PC_POP	68.8
CLV_PCH_PRE_HAB	B1GQ	SK	2008	5.4	JAN	5376064	T	PPCH_3Y	-0.1
CLV_PCH_PRE_HAB	B1GQ	SK	2009	-5.7	JAN	5382401	T	PC_POP	68.4
CLV_PCH_PRE_HAB	B1GQ	SK	2009	-5.7	JAN	5382401	T	PPCH_3Y	-0.2
CLV_PCH_PRE_HAB	B1GQ	SK	2010	5.5	JAN	5390410	T	PC_POP	68.7
CLV_PCH_PRE_HAB	B1GQ	SK	2010	5.5	JAN	5390410	T	PPCH_3Y	0.4
CLV_PCH_PRE_HAB	B1GQ	SK	2011	3.5	JAN	5392446	T	PC_POP	68.7 b
CLV_PCH_PRE_HAB	B1GQ	SK	2011	3.5	JAN	5392446	T	PPCH_3Y	-0.1 b
CLV_PCH_PRE_HAB	B1GQ	SK	2012	1.7	JAN	5404322	T	PC_POP	69.4
CLV_PCH_PRE_HAB	B1GQ	SK	2012	1.7	JAN	5404322	T	PPCH_3Y	1.0
CLV_PCH_PRE_HAB	B1GQ	SK	2013	0.5	JAN	5410836	T	PC_POP	69.9
CLV_PCH_PRE_HAB	B1GQ	SK	2013	0.5	JAN	5410836	T	PPCH_3Y	1.2
CLV_PCH_PRE_HAB	B1GQ	SK	2014	2.6	JAN	5415949	T	PC_POP	70.3
CLV_PCH_PRE_HAB	B1GQ	SK	2014	2.6	JAN	5415949	T	PPCH_3Y	1.6 b
CLV_PCH_PRE_HAB	B1GQ	SK	2015	4.7	JAN	5421349	T	PC_POP	70.9
CLV_PCH_PRE_HAB	B1GQ	SK	2015	4.7	JAN	5421349	T	PPCH_3Y	1.5
CLV_PCH_PRE_HAB	B1GQ	SK	2016	2	JAN	5426252	T	PC_POP	71.9
CLV_PCH_PRE_HAB	B1GQ	SK	2016	2	JAN	5426252	T	PPCH_3Y	2.0
CLV_PCH_PRE_HAB	B1GQ	SK	2017	2.9	JAN	5435343	T	PC_POP	72.1
CLV_PCH_PRE_HAB	B1GQ	SK	2017	2.9	JAN	5435343	T	PPCH_3Y	1.8
CLV_PCH_PRE_HAB	B1GQ	SK	2018	3.9	JAN	5443120	T	PC_POP	72.4
CLV_PCH_PRE_HAB	B1GQ	SK	2018	3.9	JAN	5443120	T	PPCH_3Y	1.5
CLV_PCH_PRE_HAB	B1GQ	SK	2019	2.1	JAN	5450421	T	PC_POP	72.7
CLV_PCH_PRE_HAB	B1GQ	SK	2019	2.1	JAN	5450421	T	PPCH_3Y	0.8
CLV_PCH_PRE_HAB	B1GQ	UK	2008	-1.1	JAN	61571647	T	PC_POP	75.8 b
CLV_PCH_PRE_HAB	B1GQ	UK	2008	-1.1	JAN	61571647	T	PPCH_3Y	0.4 b
CLV_PCH_PRE_HAB	B1GQ	UK	2009	-4.9	JAN	62042343	T	PC_POP	75.7
CLV_PCH_PRE_HAB	B1GQ	UK	2009	-4.9	JAN	62042343	T	PPCH_3Y	0.0
CLV_PCH_PRE_HAB	B1GQ	UK	2010	1.1	JAN	62510197	T	PC_POP	75.4
CLV_PCH_PRE_HAB	B1GQ	UK	2010	1.1	JAN	62510197	T	PPCH_3Y	-0.1 b
CLV_PCH_PRE_HAB	B1GQ	UK	2011	0.7	JAN	63022532	T	PC_POP	75.5
CLV_PCH_PRE_HAB	B1GQ	UK	2011	0.7	JAN	63022532	T	PPCH_3Y	-0.3 b
CLV_PCH_PRE_HAB	B1GQ	UK	2012	0.8	JAN	63495088	T	PC_POP	76.1
CLV_PCH_PRE_HAB	B1GQ	UK	2012	0.8	JAN	63495088	T	PPCH_3Y	0.4
CLV_PCH_PRE_HAB	B1GQ	UK	2013	1.5	JAN	63905342	T	PC_POP	76.4
CLV_PCH_PRE_HAB	B1GQ	UK	2013	1.5	JAN	63905342	T	PPCH_3Y	1.0
CLV_PCH_PRE_HAB	B1GQ	UK	2014	1.8	JAN	64351203	T	PC_POP	76.7
CLV_PCH_PRE_HAB	B1GQ	UK	2014	1.8	JAN	64351203	T	PPCH_3Y	1.2
CLV_PCH_PRE_HAB	B1GQ	UK	2015	1.5	JAN	64853393	T	PC_POP	76.9
CLV_PCH_PRE_HAB	B1GQ	UK	2015	1.5	JAN	64853393	T	PPCH_3Y	0.8
CLV_PCH_PRE_HAB	B1GQ	UK	2016	1.1	JAN	65379044	T	PC_POP	77.3
CLV_PCH_PRE_HAB	B1GQ	UK	2016	1.1	JAN	65379044	T	PPCH_3Y	0.9
CLV_PCH_PRE_HAB	B1GQ	UK	2017	1.3	JAN	65844142	T	PC_POP	77.6
CLV_PCH_PRE_HAB	B1GQ	UK	2017	1.3	JAN	65844142	T	PPCH_3Y	0.9
CLV_PCH_PRE_HAB	B1GQ	UK	2018	0.7	JAN	66273576	T	PC_POP	77.9
CLV_PCH_PRE_HAB	B1GQ	UK	2018	0.7	JAN	66273576	T	PPCH_3Y	1.0
CLV_PCH_PRE_HAB	B1GQ	UK	2019	0.8	JAN	66647112	T	PC_POP	78.1
CLV_PCH_PRE_HAB	B1GQ	UK	2019	0.8	JAN	66647112	T	PPCH_3Y	0.8
